"day","date","daily_serop","daily_serop_increment","daily_serop_q025","daily_serop_q975","cases","hosp","death","cum_cases","cum_case_per_capita","daily_case_increment","cum_case_per_capita_q025","cum_case_per_capita_q975","underreporting_factor","daily_underrep_q025","daily_underrep_q975","est_inci_case","est_inci_serop"
32,2021-11-01,0.0214561230996419,0.0000150429875864083,0.00657323234411514,0.0363390138551687,2,0,0,210,0.00041132112427774,0.00000391734404074038,-0.00367794743555089,0.00450058968410637,52.1639221358199,49.7872383563133,54.5406059153265,104,7
33,2021-11-02,0.0214741342361552,0.0000180111365132435,0.00659124348062838,0.0363570249916819,0,NA,NA,210,0.00041132112427774,0,-0.00367794743555089,0.00450058968410637,52.2077106393763,49.8310268598697,54.5843944188829,0,9
34,2021-11-03,0.0214952394987564,0.0000211052626012259,0.00661234874322961,0.0363781302542832,3,0,0,213,0.00041719714033885,0.00000587601606111054,-0.00367207141948978,0.00450646570016748,51.522978995728,49.1462952162214,53.8996627752346,154,10
35,2021-11-04,0.0215195648646069,0.0000243253658505221,0.00663667410908013,0.0364024556201337,4,0,0,217,0.000425031828420331,0.00000783468808148076,-0.0036642367314083,0.00451430038824896,50.6304785328344,48.2537947533278,53.007162312341,202,12
36,2021-11-05,0.021547230319863,0.0000276654552561068,0.00666433956433624,0.0364301210753898,2,0,0,219,0.000428949172461071,0.00000391734404074038,-0.00366031938736756,0.00451821773228971,50.2325956155528,47.8559118360462,52.6092793950594,100,14
37,2021-11-06,0.0215783318866548,0.0000311015667918135,0.00669544113112805,0.0364612226421816,0,NA,NA,219,0.000428949172461071,0,-0.00366031938736756,0.00451821773228971,50.305102030738,47.9284182512314,52.6817858102446,0,15
38,2021-11-07,0.0216129595961066,0.0000346277094517983,0.00673006884057985,0.0364958503516334,8,0,0,227,0.000444618548624033,0.0000156693761629615,-0.0036446500112046,0.00453388710845267,48.6101168360891,46.2334330565825,50.9868006155957,388,17
39,2021-11-08,0.0216512034793429,0.0000382438832362691,0.00676831272381612,0.0365340942348697,2,1,0,229,0.000448535892664773,0.00000391734404074038,-0.00364073266716386,0.00453780445249341,48.2708381501245,45.8941543706179,50.6475219296311,96,19
40,2021-11-09,0.0216931535674875,0.0000419500881446294,0.00681026281196075,0.0365760443230143,3,0,0,232,0.000454411908725884,0.00000587601606111059,-0.00363485665110275,0.00454368046855452,47.7389635943136,45.362279814807,50.1156473738202,143,21
41,2021-11-10,0.0217388998916652,0.0000457463241776285,0.00685600913613838,0.0366217906471919,4,0,0,236,0.000462246596807365,0.00000783468808148076,-0.00362702196302127,0.004551515156636,47.0287938122442,44.6521100327376,49.4054775917508,188,23
42,2021-11-11,0.0217885324829999,0.0000496325913347112,0.00690564172747309,0.0366714232385266,5,0,0,241,0.000472039956909216,0.00000979336010185092,-0.00361722860291942,0.00456130851673785,46.1582375900231,43.7815538105165,48.5349213695297,230,25
43,2021-11-12,0.0218421377335604,0.0000536052505605428,0.00695924697803363,0.0367250284890872,0,NA,NA,241,0.000472039956909216,0,-0.00361722860291942,0.00456130851673785,46.271798422694,43.8951146431874,48.6484822022006,0,27
44,2021-11-13,0.0218997874791923,0.0000576497456318964,0.00701689672366553,0.0367826782347191,1,0,0,242,0.000473998628929586,0.00000195867202037022,-0.00361526993089905,0.00456326718875822,46.2022169318249,43.8255331523183,48.5789007113315,46,29
45,2021-11-14,0.0219615499166864,0.0000617624374941311,0.00707865916115966,0.0368444406722132,0,NA,NA,242,0.000473998628929586,0,-0.00361526993089905,0.00456326718875822,46.3325178097697,43.9558340302631,48.7092015892763,0,31
46,2021-11-15,0.0220274932428325,0.0000659433261460812,0.00714460248730574,0.0369103839983593,0,NA,NA,242,0.000473998628929586,0,-0.00361526993089905,0.00456326718875822,46.4716391534221,44.0949553739155,48.8483229329287,0,33
47,2021-11-16,0.0220976856544206,0.0000701924115881353,0.00721479489889387,0.0369805764099474,4,0,0,246,0.000481833317011067,0.00000783468808148076,-0.00360743524281757,0.0045711018768397,45.8616805319694,43.4849967524628,48.238364311476,183,35
48,2021-11-17,0.0221721953482415,0.00007450969382089,0.00728930459271476,0.0370550861037683,0,NA,NA,246,0.000481833317011067,0,-0.00360743524281757,0.0045711018768397,46.0163184351411,43.6396346556345,48.3930022146477,0,38
49,2021-11-18,0.0222510905210848,0.0000788951728432907,0.00736819976555806,0.0371339812766116,2,0,0,248,0.000485750661051807,0.00000391734404074038,-0.00360351789877683,0.00457501922088044,45.8076381674994,43.4309543879928,48.184321947006,91,40
50,2021-11-19,0.0223344409511908,0.0000833504301059468,0.007451550195664,0.0372173317067176,2,0,0,250,0.000489668005092547,0.00000391734404074032,-0.00359960055473609,0.00457893656492118,45.6113953105218,43.2347115310152,47.9880790900284,91,42
51,2021-11-20,0.0224223227425985,0.0000878817914077012,0.0075394319870717,0.0373052134981253,0,NA,NA,250,0.000489668005092547,0,-0.00359960055473609,0.00457893656492118,45.7908675049346,43.414183725428,48.1675512844412,0,44
52,2021-11-21,0.0225148135807963,0.0000924908381978451,0.00763192282526955,0.0373977043363231,0,NA,NA,250,0.000489668005092547,0,-0.00359960055473609,0.00457893656492118,45.9797522947023,43.6030685151957,48.3564360742089,0,47
53,2021-11-22,0.0226119911512736,0.0000971775704773081,0.00772910039574686,0.0374948819068004,4,1,0,254,0.000497502693174028,0.00000783468808148076,-0.00359176586665461,0.00458677125300266,45.4509924499321,43.0743086704255,47.8276762294387,181,49
54,2021-11-23,0.0227139331395189,0.00010194198824523,0.00783104238399209,0.0375968238950456,2,1,1,256,0.000501420037214768,0.00000391734404074043,-0.00358784852261387,0.0045906885970434,45.2992131421147,42.9225293626081,47.6758969216213,90,52
55,2021-11-24,0.0228207172310208,0.000106784091501944,0.00793782647549403,0.0377036079865476,3,0,0,259,0.000507296053275879,0.00000587601606111059,-0.00358197250655276,0.00459656461310451,44.9850084258597,42.6083246463531,47.3616922053663,134,54
56,2021-11-25,0.0229324211112683,0.000111703880247491,0.00804953035574152,0.0378153118667951,2,0,0,261,0.000511213397316619,0.00000391734404074032,-0.00357805516251201,0.00460048195714525,44.858803058843,42.4821192793364,47.2354868383496,89,57
57,2021-11-26,0.0230491292003684,0.000116708089100068,0.00816623844484159,0.0379320199558951,3,0,0,264,0.00051708941337773,0.00000587601606111059,-0.0035721791464509,0.00460635797320636,44.5747458835154,42.1980621040088,46.951429663022,133,59
58,2021-11-27,0.0231709528569017,0.000121823656533349,0.00828806210137494,0.0380538436124285,4,0,0,268,0.000524924101459211,0.00000783468808148076,-0.00356434445836942,0.00461419266128784,44.1415297801909,41.7648460006843,46.5182135596975,176,62
59,2021-11-28,0.0232980101740672,0.000127057317165516,0.00841511941854045,0.038180900929594,4,0,0,272,0.000532758789540691,0.00000783468808148076,-0.00355650977028794,0.00462202734936933,43.7308790234192,41.3541952439126,46.1075628029258,174,64
60,2021-11-29,0.023430419245064,0.000132409070996806,0.00854752848953726,0.0383133100005908,0,NA,NA,272,0.000532758789540691,0,-0.00355650977028794,0.00462202734936933,43.9794137704685,41.6027299909619,46.3560975499751,0,67
61,2021-11-30,0.023568298163091,0.000137878918026926,0.00868540740756418,0.0384511889186177,0,NA,NA,272,0.000532758789540691,0,-0.00355650977028794,0.00462202734936933,44.2382155410518,41.8615317615452,46.6148993205584,0,70
62,2021-12-01,0.0237117650213469,0.00014346685825592,0.0088288742658201,0.0385946557768737,2,0,0,274,0.000536676133581432,0.00000391734404074032,-0.0035525924262472,0.00462594469341007,44.1826336921484,41.8059499126418,46.559317471655,88,73
63,2021-12-02,0.0238609379130311,0.000149172891684188,0.00897804715750429,0.0387438286685578,1,0,0,275,0.000538634805601802,0.00000195867202037027,-0.00355063375422683,0.00462790336543044,44.2989158236291,41.9222320441225,46.6755996031357,44,76
64,2021-12-03,0.0240159444112837,0.000155006498252647,0.00913305365575694,0.0388988351668105,4,0,0,279,0.000546469493683283,0.00000783468808148076,-0.00354279906614535,0.00463573805351192,43.9474566995731,41.5707729200665,46.3241404790797,175,79
65,2021-12-04,0.0241769500090113,0.000161005597727581,0.00929405925348452,0.0390598407645381,5,0,0,284,0.000556262853785134,0.00000979336010185092,-0.0035330057060435,0.00464553141361377,43.4631754475377,41.0864916680311,45.8398592270443,217,82
66,2021-12-05,0.0243441296790622,0.000167179670050949,0.00946123892353547,0.039227020434589,1,0,0,285,0.000558221525805504,0.00000195867202037016,-0.00353104703402313,0.00464749008563414,43.610159325071,41.2334755455644,45.9868431045776,43,85
67,2021-12-06,0.0245176583942843,0.000173528715222096,0.00963476763875756,0.0394005491498111,3,0,0,288,0.000564097541866614,0.00000587601606111059,-0.00352517101796202,0.00465336610169525,43.4635086569509,41.0868248774443,45.8401924364575,130,88
68,2021-12-07,0.0246977111275256,0.000180052733241232,0.0098148203719988,0.0395806018830523,1,0,0,289,0.000566056213886985,0.00000195867202037016,-0.00352321234594165,0.00465532477371562,43.6311986718276,41.254514892321,46.0078824513342,43,91
69,2021-12-08,0.0248844628516343,0.00018675172410873,0.0100015720961075,0.0397673536071611,2,0,0,291,0.000569973557927725,0.00000391734404074043,-0.00351929500190091,0.00465924211775636,43.6589776938209,41.2822939143143,46.0356614733275,87,95
70,2021-12-09,0.0250780885394583,0.000193625687823995,0.0101951977839315,0.0399609792949851,2,0,0,293,0.000573890901968465,0.00000391734404074032,-0.00351537765786017,0.0046631594617971,43.6983553031414,41.3216715236348,46.075039082648,87,98
71,2021-12-10,0.0252787723758134,0.000200683836355076,0.0103958816202866,0.0401616631313401,1,0,0,294,0.000575849573988836,0.00000195867202037016,-0.0035134189858398,0.00466511813381747,43.8982218927603,41.5215381132537,46.2749056722669,43,102
72,2021-12-11,0.0254867353933873,0.000207963017573906,0.0106038446378605,0.0403696261489141,4,0,0,298,0.000583684262070316,0.00000783468808148076,-0.00350558429775832,0.00467295282189895,43.6652777016573,41.2885939221507,46.0419614811639,174,106
73,2021-12-12,0.0257022078368351,0.000215472443447787,0.0108193170813083,0.0405850985923618,3,0,0,301,0.000589560278131427,0.00000587601606111059,-0.00349970828169721,0.00467882883796006,43.5955555185918,41.2188717390852,45.9722392980984,130,110
74,2021-12-13,0.0259254199508116,0.000223212113976565,0.0110425291952849,0.0408083107063384,10,0,0,311,0.000609146998335129,0.0000195867202037018,-0.00348012156149351,0.00469841555816376,42.5602030735912,40.1835192940846,44.9368868530978,425,113
75,2021-12-14,0.0261566019799729,0.000231182029161239,0.0112737112244461,0.0410394927354996,6,0,0,317,0.00062089903045735,0.0000117520321222212,-0.00346836952937128,0.00471016759028598,42.1269815169563,39.7502977374497,44.5036652964629,252,118
76,2021-12-15,0.0263959841689736,0.000239382189000686,0.0115130934134468,0.0412788749245003,25,0,0,342,0.000669865830966605,0.0000489668005092547,-0.00341940272886203,0.00475913439079524,39.4048822148229,37.0281984353163,41.7815659943295,985,122
77,2021-12-16,0.0266437967624688,0.000247812593495267,0.011760906006942,0.0415266875179956,16,0,0,358,0.000701204583292528,0.000031338752325923,-0.00338806397653611,0.00479047314312116,37.9971799918393,35.6204962123327,40.3738637713459,607,126
78,2021-12-17,0.0269002771772967,0.000256480414827912,0.01201738642177,0.0417831679328235,29,0,0,387,0.000758006071883263,0.0000568014885907355,-0.00333126248794537,0.0048472746317119,35.4882080435888,33.1115242640822,37.8648918230954,1029,130
79,2021-12-18,0.027165691519024,0.000265414341727298,0.0122828007634973,0.0420485822745508,21,0,0,408,0.000799138184311037,0.0000411321124277741,-0.0032901303755176,0.00488840674413967,33.9937348162689,31.6170510367623,36.3704185957755,713,135
80,2021-12-19,0.0274403130654003,0.000274621546376308,0.0125574223098736,0.0423232038209271,34,0,0,442,0.000865733033003624,0.0000665948486925864,-0.00322353552682501,0.00495500159283226,31.6960448767877,29.319361097281,34.0727286562943,1077,140
81,2021-12-20,0.0277244150941752,0.000284102028774907,0.0128415243386485,0.042607305849702,27,0,0,469,0.000918617177553619,0.0000528841445499951,-0.00317065138227502,0.00500788573738225,30.1805972842882,27.8039135047816,32.5572810637948,814,145
82,2021-12-21,0.0280182708830982,0.000293855788922916,0.0131353801275714,0.0429011616386249,54,0,0,523,0.00102438546665361,0.00010576828909999,-0.00306488309317503,0.00511365402648224,27.3512967483093,24.9746129688027,29.7279805278159,1476,150
83,2021-12-22,0.0283221537099186,0.000303882826820479,0.0134392629543919,0.0432050444654454,62,0,0,585,0.00114582313191656,0.000121437665262952,-0.00294344542791207,0.00523509169174519,24.7177360283743,22.3410522488677,27.0944198078809,1532,155
84,2021-12-23,0.0286363368523864,0.000314183142467783,0.0137534460968596,0.0435192276079132,94,1,0,679,0.00132993830183136,0.000184115169914798,-0.00275933025799728,0.00541920686165999,21.532079204692,19.1553954251854,23.9087629841986,2024,160
85,2021-12-24,0.0289610991961288,0.000324762343742388,0.014078208440602,0.0438439899516556,139,0,0,818,0.00160219371266281,0.000272255410831456,-0.00248707484716582,0.00569146227249145,18.0759036608601,15.6992198813535,20.4525874403667,2512,165
86,2021-12-25,0.0292967420582856,0.000335642862156788,0.0144138513027588,0.0441796328138124,136,1,0,954,0.00186857310743316,0.000266379394770346,-0.00222069545239547,0.00595784166726179,15.6786705008991,13.3019867213925,18.0553542804057,2132,171
87,2021-12-26,0.0296435723638745,0.000346830305588859,0.0147606816083477,0.0445264631194012,125,0,0,1079,0.00211340710997943,0.000244834002546274,-0.0019758614498492,0.00620267566980807,14.0264373219426,11.649753542436,16.4031211014492,1753,177
88,2021-12-27,0.0300018970379132,0.000358324674038735,0.0151190062823864,0.04488478779344,159,0,0,1238,0.00242483596121829,0.00031142885123886,-0.00166443259861034,0.00651410452104693,12.3727532574367,9.99606947793005,14.7494370369433,1967,182
89,2021-12-28,0.0303720230054196,0.000370125967506449,0.0154891322498929,0.0452549137609464,276,1,0,1514,0.00296542943884047,0.000540593477622172,-0.00112383912098817,0.0070546979986691,10.2420319322437,7.86534815273712,12.6187157117503,2826,188
90,2021-12-29,0.0307542571914115,0.000382234185991884,0.0158713664358847,0.0456371479469383,280,1,1,1794,0.00351385760454412,0.000548428165703653,-0.000575410955284515,0.00760312616437275,8.75227759703186,6.37559381752525,11.1289613765385,2450,195
91,2021-12-30,0.0311489065209065,0.000394649329494949,0.0162660157653797,0.0460317972764333,369,4,1,2163,0.00423660758006072,0.0007227499755166,0.000147339020232085,0.00832587613988935,7.35232280362866,4.97563902412206,9.72900658313527,2713,201
92,2021-12-31,0.0315562844126489,0.000407377891742403,0.0166733936571221,0.0464391751681757,521,1,2,2684,0.00525707570267359,0.00102046812261287,0.00116780714284495,0.00934634426250222,6.00263077752529,3.62594699801869,8.3793145570319,3127,207
93,2022-01-01,0.0319767302602896,0.000420445847640769,0.0170938395047629,0.0468596210158164,507,1,0,3191,0.00625012241700127,0.000993046714327686,0.00216085385717264,0.0103393909768299,5.11617663252613,2.73949285301953,7.49286041203273,2593,214
94,2022-01-02,0.0324105899512054,0.000433859690915764,0.0175276991956786,0.0472934807067322,422,0,0,3613,0.00707668200959749,0.00082655959259622,0.00298741344976886,0.0111659505694261,4.57991328524437,2.20322950573777,6.95659706475098,1932,221
95,2022-01-03,0.0328582093727739,0.000447619421568506,0.0179753186172471,0.0477411001283007,439,1,0,4052,0.00793653902654001,0.000859857016942513,0.00384727046671137,0.0120258075863686,4.1401181627023,1.7634343831957,6.5168019422089,1817,228
96,2022-01-04,0.0333199344123724,0.00046172503959846,0.0184370436568456,0.0482028251678992,493,3,2,4545,0.00890216433258251,0.000965625306042503,0.00481289577275387,0.0129914328924111,3.74290264339642,1.36621886388981,6.11958642290302,1845,235
97,2022-01-05,0.0337961109573777,0.000476176545005355,0.018913220201851,0.0486790017129045,439,3,3,4984,0.00976202134952502,0.000859857016942514,0.00567275278969639,0.0138512899093537,3.46199928757809,1.08531550807149,5.83868306708469,1519,243
98,2022-01-06,0.0342870848951674,0.000490973937789678,0.0194041941396406,0.0491699756506942,547,5,1,5531,0.0108334149446675,0.00107139359514249,0.00674414638483888,0.0149226835044961,3.16493784003394,0.788254060527337,5.54162161954054,1731,250
99,2022-01-07,0.0347932125757387,0.000506127680571247,0.0199103218202119,0.0496761033312654,597,3,1,6128,0.0120027421408285,0.001169327196161,0.00791347358099988,0.0160920107006572,2.89877197789546,0.522088198388856,5.27545575740206,1730,258
100,2022-01-08,0.0353148921995698,0.000521679623831137,0.020432001444043,0.0501977829550966,476,2,1,6604,0.0129350700225247,0.000932327881696211,0.00884580146269609,0.0170243385823534,2.730166295047,0.353482515540393,5.1068500745536,1299,266
101,2022-01-09,0.0358525324297588,0.000537640230188971,0.020969641674232,0.0507354231852855,1008,2,1,7612,0.0149094114190579,0.00197434139653315,0.0108201428592292,0.0189986799788865,2.40469133368541,0.0280075541788065,4.78137511319201,2423,274
102,2022-01-10,0.036406541929404,0.000554009499645187,0.0215236511738772,0.0512894326849307,684,2,2,8296,0.0162491430809911,0.00133973166193321,0.0121598745211625,0.0203384116408197,2.24052073072049,-0.136163048786113,4.61720451022709,1532,282
103,2022-01-11,0.0369773293616035,0.000570787432199564,0.0220944386060767,0.0518602201171303,761,6,1,9057,0.0177396924884928,0.00149054940750171,0.0136504239286642,0.0218289610483214,2.08444026781127,-0.292243511695333,4.46112404731787,1586,291
104,2022-01-12,0.0375653033894557,0.000587974027852142,0.0226824126339289,0.0524481941449824,665,1,3,9722,0.019042209382039,0.00130251689354617,0.0149529408222103,0.0231314779418676,1.97273870042034,-0.403945079086259,4.34942247992695,1311,300
105,2022-01-13,0.0381708726760587,0.000605569286603047,0.0232879819205319,0.0530537634315855,492,4,2,10214,0.0200058760160611,0.000963666634022132,0.0159166074562325,0.0240951445758897,1.90798306684568,-0.468700712660923,4.28466684635228,938,309
106,2022-01-14,0.0387944622781946,0.000623589602135891,0.0239115715226678,0.0536773530337214,313,4,1,10527,0.020618940358437,0.000613064342375871,0.0165296717986083,0.0247082089182656,1.88149641076586,-0.495187368740739,4.25818019027247,588,318
107,2022-01-15,0.0394365628273803,0.000642100549185703,0.0245536720718535,0.0543194535829071,372,1,1,10899,0.0213475663500147,0.000728625991577709,0.0172582977901861,0.0254368349098433,1.84735637687118,-0.529327402635421,4.22404015637778,687,327
108,2022-01-16,0.0400976813488169,0.000661118521436591,0.0252147905932901,0.0549805721043437,280,2,0,11179,0.0218959945157183,0.000548428165703652,0.0178067259558897,0.025985263075547,1.83127929265931,-0.545404486847289,4.20796307216592,512,337
109,2022-01-17,0.0407783248677051,0.000680643518888177,0.0258954341121783,0.0556612156232318,274,1,0,11453,0.0224326706492998,0.000536676133581434,0.0183434020894711,0.0265219392091284,1.81780963600863,-0.558874143497974,4.19449341551523,498,347
110,2022-01-18,0.0414790004092457,0.000700675541540643,0.0265961096537189,0.0563618911647725,465,0,2,11918,0.0233434531387719,0.000910782489472139,0.0192541845789433,0.0274327216986005,1.77690079366843,-0.599782985838169,4.15358457317504,826,357
111,2022-01-19,0.0422002149986398,0.000721214589394129,0.0273173242431131,0.0570831057541666,391,5,0,12309,0.0241092938987367,0.000765840759964741,0.020020025338908,0.0281985624585653,1.75037125416813,-0.626312525338468,4.12705503367474,684,368
112,2022-01-20,0.0429424756610881,0.000742260662448258,0.0280595849055613,0.0578253664166149,328,2,1,12637,0.0247517383214181,0.000642444422681424,0.0206624697615894,0.0288410068812467,1.73492766865304,-0.641756110853558,4.11161144815965,569,378
113,2022-01-21,0.0437063111539501,0.000763835492861978,0.0288234203984233,0.0585892019094768,300,4,1,12937,0.0253393399275291,0.000587601606111057,0.0212500713677005,0.0294286084873578,1.72484016075205,-0.651843618754558,4.10152394025865,517,389
114,2022-01-22,0.0444923371632192,0.00078602600926915,0.0296094464076924,0.059375227918746,309,6,4,13246,0.0259445695818235,0.000605229654294388,0.0218553010219949,0.0300338381416522,1.71489979908513,-0.661783980421477,4.09158357859173,529,401
115,2022-01-23,0.045301191107048,0.00080885394382877,0.0304183003515212,0.0601840818625748,352,1,0,13598,0.0266340221329938,0.000689452551170307,0.0225447535731652,0.0307232906928225,1.70087682892362,-0.675806950582985,4.07756060843022,598,412
116,2022-01-24,0.0461335104035883,0.000832319296540304,0.0312506196480615,0.0610164011591151,289,1,1,13887,0.0272000783468808,0.000566056213886983,0.0231108097870522,0.0312893469067094,1.69608005591935,-0.680603723587253,4.07276383542595,490,424
117,2022-01-25,0.0469899324709925,0.000856422067404251,0.0321070417154658,0.0618728232265193,277,3,3,14164,0.0277426304965234,0.000542552149642543,0.0236533619366947,0.031831899056352,1.69378071329181,-0.682903066214789,4.07046449279842,469,437
118,2022-01-26,0.0478710947274128,0.000881162256420299,0.0329882039718861,0.0627539854829396,378,2,1,14542,0.0284830085202233,0.000740378023699931,0.0243937399603947,0.0325722770800519,1.68068954841704,-0.69599423108956,4.05737332792364,635,449
119,2022-01-27,0.0487776345910013,0.000906539863588463,0.0338947438354745,0.0636605253465281,323,4,1,14865,0.0291156595828029,0.000632651062579571,0.0250263910229742,0.0332049281426315,1.67530584193984,-0.701377937566763,4.05198962144644,541,462
120,2022-01-28,0.0497102127729449,0.000932578181943623,0.0348273220174182,0.0645931035284717,218,3,2,15083,0.0295426500832436,0.000426990500440701,0.0254533815234149,0.0336319186430722,1.68265922768859,-0.694024551818011,4.05934300719519,366,476
121,2022-01-29,0.0506695831565689,0.000959370383623939,0.0357866924010421,0.0655524739120956,181,2,3,15264,0.0298971697189306,0.000354519635687004,0.0258079011591019,0.0339864382787592,1.69479531450382,-0.681888465002787,4.07147909401042,306,489
122,2022-01-30,0.0516565229182331,0.000986939761664245,0.0367736321627063,0.0665394136737599,215,2,0,15479,0.0303182842033102,0.000421114484379589,0.0262290156434815,0.0344075527631388,1.70380759583332,-0.672876183673285,4.08049137533992,366,503
123,2022-01-31,0.0526718092342976,0.00101528631606445,0.0377889184787708,0.0675546999898243,161,5,1,15640,0.0306336303985898,0.000315346195279603,0.0265443618387611,0.0347228989584184,1.71941126627689,-0.657272513229709,4.0960950457835,276,518
124,2022-02-01,0.0537162192811222,0.0010444100468246,0.0388333285255954,0.0685991100366489,232,2,1,15872,0.0310880423073156,0.000454411908725885,0.026998773747487,0.0351773108671443,1.72787397643504,-0.648809803071565,4.10455775594164,400,533
125,2022-02-02,0.0547905302350668,0.00107431095394463,0.03990763947954,0.0696734209905936,212,2,1,16084,0.0315032807756341,0.00041523846831848,0.0274140122158055,0.0355925493354628,1.73920077166833,-0.637483007838277,4.11588455117493,368,548
126,2022-02-03,0.0558955192724915,0.00110498903742472,0.0410126285169648,0.0707784100280183,226,1,3,16310,0.0319459406522378,0.000442659876603663,0.0278566720924091,0.0360352092120664,1.74969082554081,-0.626992953965797,4.12637460504741,395,564
127,2022-02-04,0.0570319817571726,0.00113646248468106,0.0421490910016458,0.0719148725126994,268,1,0,16578,0.032470864753697,0.000524924101459212,0.0283815961938684,0.0365601333135256,1.75640477054678,-0.620279008959826,4.13308855005338,470,580
128,2022-02-05,0.058200785802552,0.00116880404537944,0.0433178950470253,0.0730836765580788,71,2,0,16649,0.0326099304671433,0.000139065713446282,0.0285206619073146,0.0366991990269719,1.78475651339377,-0.591927266112829,4.16144029290038,126,596
129,2022-02-06,0.0594028177094885,0.00120203190693642,0.0445199269539617,0.0742857084650152,188,2,1,16837,0.0329781608069729,0.000368230339829592,0.0288888922471442,0.0370674293668015,1.80127745926111,-0.575406320245491,4.17796123876771,338,613
130,2022-02-07,0.0606389637788402,0.00123614606935172,0.0457560730233134,0.0755218545343669,162,0,0,16999,0.0332954656742728,0.000317304867299972,0.0292061971144442,0.0373847342341015,1.82123789383416,-0.555445885672445,4.19792167334076,295,631
131,2022-02-08,0.0619101103114657,0.00127114653262553,0.0470272195559389,0.0767930010669925,300,3,3,17299,0.0338830672803839,0.000587601606111057,0.0297937987205553,0.0379723358402125,1.82716959474645,-0.549514184760154,4.20385337425305,548,648
132,2022-02-09,0.0632171436082238,0.00130703329675805,0.048334252852697,0.0781000343637505,204,3,1,17503,0.0342826363725394,0.000399569092155522,0.0301933678127108,0.0383719049323681,1.84399889557097,-0.532684883935636,4.22068267507757,376,667
133,2022-02-10,0.0645609499699725,0.00134380636174879,0.0496780592144458,0.0794438407254993,292,2,1,17795,0.0348545686024875,0.000571932229948093,0.0307653000426589,0.0389438371623161,1.85229519568247,-0.524388583824137,4.22897897518907,540,686
134,2022-02-11,0.0659424203134586,0.00138147034348607,0.0510595295579318,0.0808253110689854,205,2,0,18000,0.0352560963666634,0.000401527764175888,0.0311668278068348,0.039345364926492,1.87038348283535,-0.506300296671253,4.24706726234195,383,705
135,2022-02-12,0.0673624640189802,0.00142004370552162,0.0524795732634535,0.082245354774507,265,6,2,18265,0.0357751444520615,0.000519048085398099,0.0316858758922329,0.0398644130118901,1.88294037803944,-0.493743401467163,4.25962415754604,498,725
136,2022-02-13,0.0688219950827237,0.00145953106374343,0.0539391043271969,0.0837048858382504,167,1,0,18432,0.0361022426794633,0.000327098227401824,0.0320129741196347,0.040191511239292,1.90630802894339,-0.470375750563213,4.28299180844999,318,745
137,2022-02-14,0.0703219275008751,0.00149993241815148,0.0554390367453484,0.0852048182564019,181,1,0,18613,0.0364567623151503,0.000354519635687001,0.0323674937553217,0.040546030874979,1.92891312983247,-0.44777064967413,4.30559690933907,349,765
138,2022-02-15,0.071863175269621,0.00154124776874583,0.0569802845140942,0.0867460660251477,169,1,1,18782,0.0367877778865929,0.000331015571442564,0.0326985093267643,0.0408770464464215,1.95345246160712,-0.42323131789948,4.33013624111373,330,786
139,2022-02-16,0.0734466523851473,0.00158347711552637,0.0585637616296206,0.0883295431406741,306,2,1,19088,0.0373871315248262,0.000599353638233276,0.0332978629649975,0.0414764000846548,1.9644901705384,-0.412193608968203,4.341173950045,601,808
140,2022-02-17,0.0750732728436405,0.00162662045849318,0.0601903820881137,0.0899561635991673,231,5,1,19319,0.0378395847615317,0.000452453236705515,0.033750316201703,0.0419288533213603,1.98398775559401,-0.392696023912593,4.36067153510061,458,830
141,2022-02-18,0.0767439331065967,0.00167066026295619,0.0618610423510699,0.0916268238621235,238,2,0,19557,0.0383057487023798,0.000466163940848106,0.0342164801425512,0.0423950172622084,2.00345733228885,-0.373226447217757,4.38014111179545,476,852
142,2022-02-19,0.0784594594967514,0.00171552639015467,0.0635765687412246,0.0933423502522781,191,0,0,19748,0.0386798550582705,0.000374106355890705,0.0345905864984419,0.0427691236180991,2.02843209672202,-0.348251682784585,4.40511587622862,387,875
143,2022-02-20,0.08022066080215,0.00176120130539863,0.0653377700466232,0.0951035515576768,268,3,2,20016,0.0392047791597297,0.000524924101459212,0.0351155105999011,0.0432940477195583,2.0461959618574,-0.330487817649205,4.422879741364,548,899
144,2022-02-21,0.0820283458108382,0.00180768500868822,0.0671454550553114,0.096911236566365,181,3,0,20197,0.0395592987954167,0.000354519635687001,0.0354700302355881,0.0436485673552453,2.07355408990065,-0.303129689605951,4.45023786940725,375,922
145,2022-02-22,0.0838833233108613,0.00185497750002304,0.0690004325553345,0.098766214066388,291,3,1,20488,0.0401292723533444,0.000569973557927726,0.0360400037935158,0.0442185409131731,2.0903275437505,-0.286356235756104,4.4670113232571,608,947
146,2022-02-23,0.0857864020902648,0.00190307877940349,0.070903511334738,0.100669292845792,262,3,3,20750,0.0406424444226814,0.000513172069336994,0.0365531758628528,0.0447317129825101,2.11075891986432,-0.265924859642281,4.48744269937092,553,971
147,2022-02-24,0.0877383909370941,0.0019519888468293,0.0728555001815673,0.102621281692621,343,3,2,21093,0.0413142689256684,0.000671824502986973,0.0372250003658398,0.045403537485497,2.12368252467327,-0.253001254833328,4.50036630417988,728,996
148,2022-02-25,0.0897400523916529,0.00200166145455888,0.0748571616361262,0.10462294314718,309,1,1,21402,0.0419194985799628,0.000605229654294388,0.0378302300201342,0.0460087671397914,2.14077113113533,-0.235912648371269,4.51745491064194,661,1021
149,2022-02-26,0.0917919640032779,0.00205191161162493,0.0769090732477511,0.106674854758805,233,1,0,21635,0.042375869160709,0.000456370580746254,0.0382866006008804,0.0464651377205377,2.16613761136462,-0.210546168141985,4.54282139087122,504,1047
150,2022-02-27,0.0938946570735636,0.00210269307028578,0.0790117663180369,0.10877754782909,272,2,2,21907,0.0429086279502497,0.000532758789540691,0.0388193593904211,0.0469978965100784,2.18824654991135,-0.188437229595254,4.56493032941795,595,1073
151,2022-02-28,0.0960486629041051,0.00215400583054141,0.0811657721485783,0.110931553659632,345,2,1,22252,0.0435843697972774,0.000675741847027712,0.0394951012374488,0.0476736383571061,2.20374100510924,-0.172942774397361,4.58042478461584,760,1099
152,2022-03-01,0.0982545127964968,0.00220584989239174,0.08337162204097,0.113137403552024,384,3,1,22636,0.0443364998530996,0.000752130055822156,0.040247231293271,0.0484257684129282,2.21610891978492,-0.160574859721683,4.59279269929152,850,1126
153,2022-03-02,0.100512738052334,0.00225822525583694,0.085629847296807,0.115395628807861,406,2,1,23042,0.0451317206933699,0.000795220840270297,0.0410424521335413,0.0492209892531985,2.22709740528682,-0.149586374219779,4.60378118479343,904,1152
154,2022-03-03,0.102823869973211,0.00231113192087681,0.0879409792176838,0.117706760728737,501,5,1,23543,0.0461130153755754,0.000981294682205466,0.0420237468157467,0.050202283935404,2.22982316675116,-0.146860612755439,4.60650694625777,1117,1179
155,2022-03-04,0.105188362747569,0.00236449277435799,0.0903054719920418,0.120071253503095,464,5,1,24007,0.0470218391930271,0.000908823817451762,0.0429325706331985,0.0511111077528558,2.23701081354485,-0.139672965961756,4.61369459305145,1037,1207
156,2022-03-05,0.107606362111235,0.00241799936366638,0.0927234713557081,0.122489252866762,371,5,1,24378,0.0477485065125845,0.000726667319557346,0.0436592379527558,0.0518377750724131,2.25360686585819,-0.123076913648411,4.63029064536479,836,1234
157,2022-03-06,0.110077936686883,0.00247157457564853,0.0951950459313567,0.12496082744241,387,2,2,24765,0.0485065125844677,0.000758006071883262,0.0444172440246391,0.0525957811442964,2.26934345146329,-0.107340328043314,4.64602723096989,878,1261
158,2022-03-07,0.112603155097188,0.00252521841030456,0.0977202643416612,0.127486045852715,420,5,0,25185,0.0493291548330232,0.00082264224855548,0.0452398862731946,0.0534184233928518,2.28268972939723,-0.0939940501093686,4.65937350890384,958,1289
159,2022-03-08,0.115182085964822,0.00257893086763428,0.100299195209296,0.130064976720349,660,3,1,25845,0.0506218783664675,0.00129272353344432,0.0465326098066389,0.0547111469262962,2.27534199997446,-0.101341779532139,4.65202577948107,1501,1316
160,2022-03-09,0.11781479791246,0.00263271194763766,0.102931907156933,0.132697688667987,649,6,1,26494,0.0518930565076878,0.00127117814122026,0.0478037879478592,0.0559823250675164,2.27033838130167,-0.106345398204933,4.64702216080827,1473,1344
161,2022-03-10,0.120501359562775,0.00268656165031489,0.105618468807248,0.135384250318302,584,2,2,27078,0.053036920967584,0.00114386445989619,0.0489476524077553,0.0571261895274126,2.27202781316104,-0.104655966345561,4.64871159266765,1326,1371
162,2022-03-11,0.123241736082389,0.00274037651961424,0.108358845326862,0.138124626837916,611,7,3,27689,0.0542336695720302,0.00119674860444619,0.0501444010122015,0.0583229381318588,2.2724211187426,-0.104262660764006,4.6491048982492,1388,1399
163,2022-03-12,0.126035478813718,0.00279374273132857,0.111152588058191,0.140918369569244,348,4,2,28037,0.054915287435119,0.000681617863088825,0.0508260188752904,0.0590045559949476,2.29508912181558,-0.081594657691018,4.67177290132219,798,1426
164,2022-03-13,0.128882035643124,0.00284655682940624,0.113999144887597,0.143764926398651,438,6,2,28475,0.0557731857800411,0.000857898344922142,0.0516839172202125,0.0598624543398698,2.310824347589,-0.0658594319175982,4.68750812709561,1012,1453
165,2022-03-14,0.131780854456971,0.00289881881384724,0.116897963701444,0.146663745212498,500,1,1,28975,0.0567525217902262,0.000979336010185093,0.0526632532303976,0.0608417903500549,2.32202641045752,-0.0546573690490839,4.69871018996412,1161,1479
166,2022-03-15,0.134731383141623,0.00295052868465162,0.119848492386096,0.14961427389715,602,12,7,29577,0.0579316423464891,0.00117912055626285,0.0538423737866604,0.0620209109063177,2.32569590096884,-0.0509878785377587,4.70237968047545,1400,1506
167,2022-03-16,0.137733069583442,0.00300168644181925,0.122850178827915,0.152615960338969,574,3,4,30151,0.0590559200861816,0.00112427773969249,0.0549666515263529,0.0631451886460102,2.33224830605374,-0.0444354734528627,4.70893208556034,1338,1532
168,2022-03-17,0.140785361668792,0.00305229208535046,0.125902470913266,0.155668252424319,635,4,1,30786,0.0602996768191166,0.00124375673293507,0.056210408259288,0.0643889453789453,2.33476146300273,-0.0419223165038742,4.71144524250933,1482,1558
169,2022-03-18,0.143887590086383,0.00310222841759006,0.129004699330856,0.158770480841909,499,9,3,31285,0.0612770541572814,0.000977377338164727,0.0571877855974527,0.06536632271711,2.34814796607328,-0.0285358134333218,4.72483174557988,1171,1583
170,2022-03-19,0.147038616734303,0.00315102664792016,0.132155725978776,0.161921507489829,344,5,2,31629,0.0619508373322887,0.000673783175007339,0.0578615687724601,0.0660401058921173,2.37347262871726,-0.00321115078934175,4.75015640822386,816,1608
171,2022-03-20,0.150237186312988,0.00319856957868567,0.135354295557462,0.165120077068515,378,8,5,32007,0.0626912153559886,0.000740378023699931,0.05860194679616,0.0667804839158173,2.39646313219284,0.0197793526862364,4.77314691169944,905,1633
172,2022-03-21,0.153482043522875,0.00324485720988676,0.138599152767348,0.168364934278402,178,1,1,32185,0.0630398589756145,0.000348643619625902,0.0589505904157859,0.0671291275354432,2.43468253287568,0.0579987533690813,4.81136631238229,433,1656
173,2022-03-22,0.156771933064399,0.00328988954152359,0.141889042308872,0.171654823819925,444,11,6,32629,0.0639095093526589,0.000869650377044354,0.0598202407928303,0.0679987779124875,2.45302983315544,0.0763460536488347,4.82971361266204,1089,1679
174,2022-03-23,0.160105599637995,0.00333366657359604,0.145222708882468,0.174988490393522,396,6,4,33025,0.0646851434727255,0.000775634120066607,0.0605958749128969,0.0687744120325541,2.47515257820373,0.0984687986971284,4.85183635771033,980,1702
175,2022-03-24,0.163481787944099,0.00337618830610403,0.148598897188572,0.178364678699626,476,8,3,33501,0.0656174713544217,0.000932327881696199,0.0615282027945931,0.0697067399142503,2.4914368775517,0.114753098045102,4.86812065705831,1185,1723
176,2022-03-25,0.16689913200864,0.00341734406454086,0.152016241253113,0.181782022764166,412,4,2,33913,0.0664244442268142,0.000806972872392522,0.0623351756669856,0.0705137127866429,2.5126161603813,0.135932380874696,4.8892999398879,1035,1744
177,2022-03-26,0.17035582315952,0.00345669115088049,0.155472932403993,0.185238713915047,418,3,2,34331,0.067243169131329,0.000818724904514734,0.0631539005715003,0.0713324376911576,2.53342942279843,0.15674564329183,4.91011320230504,1058,1764
178,2022-03-27,0.173849942050136,0.00349411889061613,0.15896705129461,0.188732832805663,292,5,1,34623,0.0678151013612771,0.000571932229948099,0.0637258328014484,0.0719043699211057,2.56358743938125,0.186903659874649,4.94027121888785,748,1783
179,2022-03-28,0.177379569333884,0.00352962728374784,0.162496678578357,0.192262460089411,308,7,1,34931,0.0684183723435511,0.000603270982274015,0.0643291037837224,0.0725076409033797,2.59257218869813,0.215888409191532,4.96925596820474,798,1802
180,2022-03-29,0.18094278566416,0.00356321633027551,0.166059894908633,0.195825676419686,545,6,4,35476,0.0694858485946528,0.00106747625110176,0.0653965800348242,0.0735751171544815,2.60402354326409,0.227339763757482,4.98070732277069,1419,1819
181,2022-03-30,0.184537671694359,0.00359488603019931,0.169654780938832,0.199420562449886,295,4,5,35771,0.070063656840662,0.000577808246009198,0.0659743882808334,0.0741529254004907,2.63385726660018,0.257173487093575,5.01054104610678,776,1835
182,2022-03-31,0.188162308077878,0.00362463638351895,0.173279417322351,0.203045198833405,382,8,7,36153,0.0708118695524434,0.00074821271178141,0.0667226009926148,0.0749011381122721,2.65721423918238,0.280530459675776,5.03389801868898,1015,1850
183,2022-04-01,0.191814696226743,0.00365238814886487,0.176931805471216,0.20669758698227,305,2,6,36458,0.0714092645186564,0.000597394966212916,0.0673199959588277,0.075498533078485,2.68613179983991,0.309448020333309,5.06281557934651,819,1864
184,2022-04-02,0.195492520587499,0.00367782436075625,0.180609629831972,0.210375411343026,200,8,3,36658,0.0718009989227304,0.000391734404074029,0.0677117303629017,0.075890267482559,2.72269917578558,0.346015396278973,5.09938295529218,544,1877
185,2022-04-03,0.199193386365322,0.00370086577782319,0.184310495609795,0.214076277120849,183,5,1,36841,0.0721594359024581,0.000358436979727747,0.0680701673426295,0.0762487044622868,2.76046207781589,0.383778298309288,5.13714585732249,505,1889
186,2022-04-04,0.202914898765388,0.00372151240006571,0.188032008009861,0.217797789520915,217,7,6,37058,0.0725844677308785,0.000425031828420339,0.0684951991710498,0.0766737362907071,2.7955691501071,0.418885370600494,5.1722529296137,606,1900
187,2022-04-05,0.206654662992872,0.00373976422748395,0.191771772237345,0.221537553748399,317,3,4,37375,0.0732053667613358,0.000620899030457339,0.0691160982015072,0.0772946353211644,2.82294416564577,0.44626038613917,5.19962794515238,894,1909
188,2022-04-06,0.21041028425295,0.00375562126007781,0.195527393497423,0.225293175008476,235,4,0,37610,0.0736656546861228,0.000460287924787001,0.0695763861262942,0.0777549232459514,2.85628744018462,0.479603660678015,5.23297121969122,671,1917
189,2022-04-07,0.214179367750797,0.00376908349784696,0.19929647699527,0.229062258506323,370,3,3,37980,0.0743903633336598,0.000724708647536973,0.0703010947738311,0.0784796318934884,2.87912786216875,0.50244408266215,5.25581164167536,1065,1924
190,2022-04-08,0.217959494748607,0.00378012699780989,0.20307660399308,0.232842385504133,151,2,2,38131,0.0746861228087357,0.000295759475075902,0.070596854248907,0.0787753913685643,2.91833993453885,0.541656155032252,5.29502371404546,440,1929
191,2022-04-09,0.221748150736644,0.00378865598803732,0.206865259981117,0.236631041492171,215,8,1,38346,0.0751072372931153,0.000421114484379578,0.0710179687332866,0.0791965058529439,2.95242054865158,0.575736769144978,5.32910432815818,634,1934
192,2022-04-10,0.225542797262192,0.0037946465255477,0.210659906506665,0.240425688017718,165,2,2,38511,0.0754304181764763,0.000323180883361085,0.0713411496166477,0.079519686736305,2.99007751401449,0.613393734507884,5.36676129352109,493,1937
193,2022-04-11,0.229340895872532,0.00379809861034067,0.214458005117005,0.244223786628059,123,3,0,38634,0.0756713348349819,0.000240916658505536,0.0715820662751532,0.0797606033948105,3.03074997120985,0.654066191703246,5.40743375071645,372,1939
194,2022-04-12,0.233139908114949,0.00379901224241641,0.218257017359422,0.248022798870475,273,9,2,38907,0.0762060522965429,0.000534717461561057,0.0721167837367143,0.0802953208563716,3.05933585442432,0.682652074917717,5.43601963393092,835,1939
195,2022-04-13,0.236937295536723,0.00379738742177471,0.222054404781197,0.25182018629225,171,7,4,39078,0.0765409852120262,0.00033493291548331,0.0724517166521976,0.0806302537718549,3.0955610890085,0.718877309501895,5.4722448685151,529,1938
196,2022-04-14,0.240730519685139,0.00379322414841574,0.225847628929612,0.255613410440666,184,5,6,39262,0.0769013808637744,0.000360395651748113,0.0728121123039457,0.080990649423603,3.13037967564688,0.753695896140276,5.50706345515348,575,1936
197,2022-04-15,0.244517088952049,0.00378656926691015,0.229634198196522,0.259399979707576,157,4,2,39419,0.0772088923709725,0.000307511507198113,0.0731196238111438,0.0812981609308011,3.16695501571498,0.790271236208376,5.54363879522158,497,1933
198,2022-04-16,0.248294699107589,0.00377761015553979,0.233411808352062,0.263177589863116,96,2,1,39515,0.077396924884928,0.000188032513955549,0.0733076563250994,0.0814861934447567,3.20806930607059,0.831385526563992,5.5847530855772,307,1928
199,2022-04-17,0.252061092766465,0.00376639365887571,0.237178202010938,0.266943983521992,75,2,0,39590,0.0775438252864558,0.000146900401527761,0.0734545567266272,0.0816330938462844,3.25056304399895,0.87387926449235,5.62724682350556,243,1922
200,2022-04-18,0.255814012543382,0.00375291977691733,0.240931121787855,0.270696903298909,126,5,0,39716,0.0777906179610224,0.000246792674566634,0.0737013494011938,0.0818798865208511,3.28849441293241,0.91181063342581,5.66517819243901,414,1916
201,2022-04-19,0.259551201053047,0.00373718850966542,0.244668310297521,0.274434091808574,213,3,2,39929,0.0782078151013613,0.00041719714033886,0.0741185465415326,0.0822970836611899,3.31873740132819,0.942053621821589,5.69542118083479,706,1908
202,2022-04-20,0.263270400910166,0.00371919985711899,0.24838751015464,0.278153291665693,109,1,0,40038,0.0784213103515816,0.000213495250220352,0.074332041791753,0.0825105789114103,3.3571283077248,0.980444528218196,5.7338120872314,365,1898
203,2022-04-21,0.266969354729445,0.00369895381927893,0.252086463973919,0.281852245484972,144,1,0,40182,0.0787033591225149,0.000282048770933296,0.0746140905626863,0.0827926276823436,3.39209606433523,1.01541228482863,5.76877984384184,488,1888
204,2022-04-22,0.270645922967877,0.00367656823843188,0.25576303221235,0.285528813723404,152,2,0,40334,0.0790010772696112,0.000297718147096268,0.0749118087097826,0.0830903458294398,3.4258510430716,1.04916726356499,5.8025348225782,520,1877
205,2022-04-23,0.274298437451603,0.0036525144837255,0.259415546696076,0.28918132820713,65,2,2,40399,0.0791283909509353,0.000127313681324071,0.0750391223911066,0.0832176595107639,3.46649835988306,1.08981458037646,5.84318213938966,225,1864
206,2022-04-24,0.27792534784905,0.00362691039744678,0.263042457093523,0.292808238604576,68,0,1,40467,0.0792615806483204,0.000133189697385169,0.0751723120884918,0.0833508492081491,3.50643206425809,1.12974828475149,5.8831158437647,238,1851
207,2022-04-25,0.281525103828646,0.00359975597959616,0.266642213073119,0.296407994584172,91,3,2,40558,0.0794398198021741,0.00017823915385369,0.0753505512423455,0.0835290883620028,3.54387893287921,1.16719515337261,5.92056271238581,322,1837
208,2022-04-26,0.285096155058819,0.00357105123017293,0.270213264303292,0.299979045814345,117,4,2,40675,0.0796689844285574,0.00022916462638331,0.0755797158687288,0.0837582529883861,3.57850871457357,1.20182493506696,5.95519249408017,418,1823
209,2022-04-27,0.288636951207997,0.00354079614917807,0.27375406045247,0.303519841963523,90,3,0,40765,0.0798452649103908,0.000176280481833324,0.0757559963505621,0.0839345334702194,3.61495389278162,1.23827011327502,5.99163767228822,325,1807
210,2022-04-28,0.292145941944607,0.0035089907366101,0.27726305118908,0.307028832700134,88,3,1,40853,0.0800176280481833,0.000172363137792564,0.0759283594883547,0.084106896608012,3.65101976990231,1.27433599039571,6.02770354940891,321,1791
211,2022-04-29,0.295621746730486,0.0034758047858795,0.28073885597496,0.310504637486013,89,4,0,40942,0.0801919498579963,0.000174321809812958,0.0761026812981676,0.0842812184178249,3.68642672056201,1.30974294105541,6.06311050006861,328,1774
212,2022-04-30,0.299063664201108,0.00344191747062134,0.284180773445581,0.313946554956634,54,2,2,40996,0.0802977181470963,0.000105768289099986,0.0762084495872676,0.0843869867069249,3.72443540242647,1.34775162291987,6.10111918193307,201,1757
213,2022-05-01,0.302471162785352,0.00340749858424466,0.287588272029826,0.317354053540879,38,2,1,41034,0.0803721476838703,0.0000744295367740705,0.0762828791240417,0.084461416243699,3.76338285714436,1.38669907763776,6.14006663665096,143,1739
214,2022-05-02,0.305843710912102,0.00337254812674953,0.290960820156575,0.320726601667629,66,0,0,41100,0.0805014200372148,0.000129272353344423,0.0764121514773861,0.0845906885970434,3.79923373737649,1.42254995786988,6.17591751688309,250,1721
215,2022-05-03,0.309180777010237,0.00333706609813561,0.294297886254711,0.324063667765764,79,4,2,41179,0.080656155126824,0.000154735089609254,0.0765668865669954,0.0847454236866527,3.83331906317727,1.45663528367067,6.21000284268387,302,1703
216,2022-05-04,0.312481829508641,0.00330105249840351,0.297598938753114,0.327364720264168,77,3,2,41256,0.0808069728723925,0.000150817745568507,0.0767177043125639,0.0848962414322212,3.86701565967706,1.49033188017045,6.24369943918366,297,1685
217,2022-05-05,0.315746336836194,0.00326450732755273,0.300863446080667,0.33062922759172,35,2,1,41291,0.0808755263931055,0.000068553520712944,0.0767862578332768,0.0849647949529341,3.90410240177566,1.52741862226906,6.28078618128226,136,1666
218,2022-05-06,0.318973951738116,0.00322761490192208,0.304091060982589,0.333856842493643,49,1,1,41340,0.0809715013221036,0.000095974928998141,0.076882232762275,0.0850607698819322,3.93933601983297,1.56265224032637,6.31601979933957,193,1647
219,2022-05-07,0.32216506422498,0.00319111248686393,0.307282173469453,0.337047954980506,26,4,1,41366,0.0810224267946332,0.0000509254725296338,0.0769331582348046,0.0851116953544619,3.97624555287104,1.59956177336444,6.35292933237764,103,1629
220,2022-05-08,0.325320248623697,0.00315518439871776,0.310437357868171,0.340203139379224,18,1,2,41384,0.0810576828909999,0.000035256096366662,0.0769684143311713,0.0851469514508285,4.01344125591602,1.63675747640942,6.39012503542263,72,1610
221,2022-05-09,0.32844007926118,0.00311983063748261,0.313557188505653,0.343322970016707,30,0,2,41414,0.081116443051611,0.0000587601606110988,0.0770271744917824,0.0852057116114396,4.04899508540096,1.67231130589436,6.42567886490757,121,1592
222,2022-05-10,0.331525130464339,0.00308505120315916,0.316642239708812,0.346408021219866,30,1,0,41444,0.0811752032122221,0.0000587601606111127,0.0770859346523935,0.0852644717720508,4.08406899330587,1.70738521379927,6.46075277281247,122,1575
223,2022-05-11,0.334575976560086,0.00305084609574696,0.319693085804559,0.349458867315613,28,3,0,41472,0.0812300460287925,0.0000548428165703663,0.0771407774689638,0.0853193145886211,4.11886971529591,1.74218593578931,6.49555349480251,115,1557
224,2022-05-12,0.337593191875332,0.00301721531524607,0.322710301119805,0.352476082630859,46,1,1,41518,0.0813201449417295,0.0000900989129370283,0.0772308763819009,0.0854094135015581,4.15140912644999,1.77472534694339,6.5280929059566,190,1540
225,2022-05-13,0.3405774998767,0.00298430800136756,0.325694609121173,0.355460390632227,32,0,2,41550,0.0813828224463814,0.0000626775046518452,0.0772935538865527,0.08547209100621,4.18488189078337,1.80819811127677,6.56156567028997,133,1523
226,2022-05-14,0.343530220589653,0.00295272071295349,0.328647329834127,0.35841311134518,26,2,0,41576,0.081433747918911,0.0000509254725296199,0.0773444793590823,0.0855230164787396,4.21852400716874,1.84184022766214,6.59520778667534,109,1507
227,2022-05-15,0.346452823179369,0.00292260258971566,0.331569932423842,0.361335713934896,10,1,1,41586,0.0814533346391147,0.0000195867202037042,0.077364066079286,0.0855426031989433,4.25339029659565,1.87670651708905,6.63007407610226,42,1492
228,2022-05-16,0.349346776811022,0.00289395363165312,0.334463886055495,0.364229667566549,32,2,0,41618,0.0815160121437665,0.0000626775046518452,0.0774267435839379,0.0856052807035952,4.28562153156969,1.90893775206309,6.66230531107629,137,1477
229,2022-05-17,0.352213550649788,0.00286677383876621,0.337330659894262,0.367096441405315,33,2,1,41651,0.0815806483204387,0.0000646361766722114,0.0774913797606101,0.0856699168802674,4.31736640859162,1.94068262908501,6.69405018809822,142,1463
230,2022-05-18,0.355054613860843,0.00284106321105454,0.340171723105316,0.36993750461637,30,3,1,41681,0.0816394084810498,0.0000587601606111127,0.0775501399212212,0.0857286770408785,4.34905911822301,1.97237533871641,6.72574289772961,130,1450
231,2022-05-19,0.357871435609362,0.00281682174851933,0.342988544853835,0.372754326364889,36,1,1,41717,0.0817099206737832,0.0000705121927333241,0.0776206521139545,0.0857991892336118,4.37977950117122,2.00309572166462,6.75646328067782,157,1438
232,2022-05-20,0.360665546734259,0.00279411112489725,0.345782655978733,0.375548437489786,16,0,0,41733,0.0817412594261091,0.0000313387523259295,0.0776519908662805,0.0858305279859377,4.41228272314897,2.03559894364237,6.78896650265558,70,1426
233,2022-05-21,0.363438724769401,0.00277317803514149,0.348555834013874,0.378321615524928,31,2,0,41764,0.0818019782587406,0.000060718832631465,0.0777127096989119,0.0858912468185692,4.44290874751024,2.06622496800364,6.81959252701684,137,1415
234,2022-05-22,0.366192808922391,0.00275408415299017,0.351309918166864,0.381075699677918,33,1,0,41797,0.0818666144354128,0.0000646361766722253,0.0777773458755842,0.0859558829952414,4.47304205075309,2.09635827124648,6.84972583025969,147,1406
235,2022-05-23,0.368929638400835,0.0027368294784435,0.354046747645308,0.383812529156361,41,3,0,41838,0.081946919988248,0.0000803055528351693,0.0778576514284193,0.0860361885480766,4.50205619019901,2.12537241069241,6.87873996970561,184,1397
236,2022-05-24,0.371651052412336,0.00272141401150122,0.356768161656809,0.386533943167863,19,1,0,41857,0.081984134756635,0.0000372147683870422,0.0778948661968064,0.0860734033164636,4.53320698590721,2.15652320640061,6.90989076541381,86,1389
237,2022-05-25,0.374358890164499,0.00270783775216316,0.359475999408972,0.389241780920026,45,1,0,41902,0.0820722749975517,0.0000881402409166621,0.077983006437723,0.0861615435573803,4.56133195010942,2.18464817060282,6.93801572961602,205,1382
238,2022-05-26,0.377054990864928,0.00269610070042925,0.362172100109401,0.391937881620455,22,1,0,41924,0.0821153657819998,0.000043090784448141,0.0780260972221712,0.0862046343418284,4.59177143369166,2.21508765418506,6.96845521319826,101,1376
239,2022-05-27,0.379741122849584,0.00268613198465528,0.364858232094057,0.39462401360511,31,4,0,41955,0.0821760846146313,0.0000607188326314789,0.0780868160548027,0.0862653531744599,4.62106614875116,2.24438236924456,6.99774992825776,143,1371
240,2022-05-28,0.382418770967842,0.00267764811825821,0.367535880212315,0.397301661723369,21,0,0,41976,0.082217216727059,0.0000411321124277608,0.0781279481672304,0.0863064852868877,4.65132226790622,2.27463848839962,7.02800604741283,97,1367
241,2022-05-29,0.385089349197437,0.00267057822959538,0.37020645844191,0.399972239952964,33,1,0,42009,0.0822818529037313,0.0000646361766722253,0.0781925843439026,0.0863711214635599,4.68012490734727,2.30344112784067,7.05680868685387,154,1363
242,2022-05-30,0.387754271516101,0.002664922318664,0.372871380760574,0.402637162271628,20,1,1,42029,0.0823210263441387,0.0000391734404073946,0.07823175778431,0.0864102949039673,4.71027013068466,2.33358635117805,7.08695391019126,94,1360
243,2022-05-31,0.390414951901567,0.00266068038546607,0.37553206114604,0.405297842657094,29,0,0,42058,0.0823778278327294,0.0000568014885907464,0.0782885592729008,0.086467096392558,4.73932078780125,2.36263700829465,7.11600456730786,137,1358
244,2022-06-01,0.393072804331567,0.00265785243000027,0.378189913576041,0.407955695087094,19,0,0,42077,0.0824150426011164,0.0000372147683870283,0.0783257740412878,0.0865043111609451,4.76943033608579,2.39274655657919,7.14611411559239,90,1356
245,2022-06-02,0.395729242783835,0.00265643845226771,0.380846352028308,0.410612133539362,3,0,0,42080,0.0824209186171776,0.00000587601606111265,0.0783316500573489,0.0865101871770062,4.8013204587283,2.4246366792217,7.17800423823491,14,1356
