"matrix","time","row","col","value","sd","conf.low","conf.high","dates"
"beta",1970-01-02,0,0,1.67617357881364,0.0186278573357112,1.63966364932649,1.71268350830078,2021-12-15
"report_prob",1970-01-02,0,0,1,0,1,1,2021-12-15
"serop",1970-01-02,0,0,0.00031751095117927,1.08377711681441e-05,0.000296269310017021,0.000338752592341519,2021-12-15
"cases",1970-01-02,0,0,90.0470775552266,4.20186563246048,81.8115722477274,98.2825828627257,2021-12-15
"beta",1970-01-03,0,0,1.57148078043755,0.014249996158451,1.54355130118715,1.59941025968794,2021-12-16
"report_prob",1970-01-03,0,0,1,0,1,1,2021-12-16
"serop",1970-01-03,0,0,0.000408146800651719,1.47107670249072e-05,0.000379314227097941,0.000436979374205496,2021-12-16
"cases",1970-01-03,0,0,113.148662720815,5.42549090427073,102.514895949994,123.782429491635,2021-12-16
"beta",1970-01-04,0,0,1.46969908566265,0.0102961895474904,1.44951892497157,1.48987924635373,2021-12-17
"report_prob",1970-01-04,0,0,1,0,1,1,2021-12-17
"serop",1970-01-04,0,0,0.000524209117343518,1.98960804304334e-05,0.000485213516266356,0.000563204718420679,2021-12-17
"cases",1970-01-04,0,0,140.229629843105,6.84312911531797,126.817343235525,153.641916450686,2021-12-17
"beta",1970-01-05,0,0,1.37135893771541,0.00682813668034622,1.35797603574041,1.3847418396904,2021-12-18
"report_prob",1970-01-05,0,0,1,0,1,1,2021-12-18
"serop",1970-01-05,0,0,0.000671454072929678,2.67113980780318e-05,0.000619100694720024,0.000723807451139333,2021-12-18
"cases",1970-01-05,0,0,171.598156801744,8.4524954904284,155.031570061017,188.164743542471,2021-12-18
"beta",1970-01-06,0,0,1.27690134267271,0.00403105545707524,1.26900061915716,1.28480206618827,2021-12-19
"report_prob",1970-01-06,0,0,1,0,1,1,2021-12-19
"serop",1970-01-06,0,0,0.000856142060334614,3.54859335433122e-05,0.000786590908631941,0.000925693212037288,2021-12-19
"cases",1970-01-06,0,0,207.393834000823,10.2339225588372,187.33571436493,227.451953636716,2021-12-19
"beta",1970-01-07,0,0,1.18667798336978,0.00267023979066655,1.18144440954999,1.19191155718957,2021-12-20
"report_prob",1970-01-07,0,0,1,0,1,1,2021-12-20
"serop",1970-01-07,0,0,0.0010850507590073,4.65544163088947e-05,0.000993805779720585,0.00117629573829402,2021-12-20
"cases",1970-01-07,0,0,247.599844638141,12.152702754277,223.780984924938,271.418704351345,2021-12-20
"beta",1970-01-08,0,0,1.10095363914578,0.00354826875921817,1.09399916017024,1.10790811812132,2021-12-21
"report_prob",1970-01-08,0,0,1,0,1,1,2021-12-21
"serop",1970-01-08,0,0,0.00136537770238685,6.02422112915871e-05,0.00124730513790629,0.00148345026686741,2021-12-21
"cases",1970-01-08,0,0,292.036508995318,14.1603319748551,264.282768315471,319.790249675165,2021-12-21
"beta",1970-01-09,0,0,1.0199105751197,0.005207774878722,1.00970352391781,1.03011762632159,2021-12-22
"report_prob",1970-01-09,0,0,1,0,1,1,2021-12-22
"serop",1970-01-09,0,0,0.00170457789816395,7.68460882245446e-05,0.00155396233289106,0.00185519346343685,2021-12-22
"cases",1970-01-09,0,0,340.35614884061,16.196457452449,308.611675556674,372.100622124545,2021-12-22
"beta",1970-01-10,0,0,0.943654523495539,0.00680972892498552,0.930307700058086,0.957001346932991,2021-12-23
"report_prob",1970-01-10,0,0,1,0,1,1,2021-12-23
"serop",1970-01-10,0,0,0.00211015483178834,9.6612928323158e-05,0.001920796971834,0.00229951269174268,2021-12-23
"cases",1970-01-10,0,0,392.046064701144,18.191926255706,356.390544430552,427.701584971737,2021-12-23
"beta",1970-01-11,0,0,0.872221862256485,0.00818999425867408,0.856169768475894,0.888273956037076,2021-12-24
"report_prob",1970-01-11,0,0,1,0,1,1,2021-12-24
"serop",1970-01-11,0,0,0.00258941795899827,0.000119718328353672,0.00235477434713573,0.00282406157086081,2021-12-24
"cases",1970-01-11,0,0,446.441788841622,20.0728381887522,407.099748924167,485.783828759077,2021-12-24
"beta",1970-01-12,0,0,0.805587601254293,0.00932311200970721,0.787314637491434,0.823860565017152,2021-12-25
"report_prob",1970-01-12,0,0,1,0,1,1,2021-12-25
"serop",1970-01-12,0,0,0.00314922055894337,0.000146247085801436,0.00286258153792862,0.00343585957995812,2021-12-25
"cases",1970-01-12,0,0,502.750547378762,21.765271926618,460.09139828887,545.409696468654,2021-12-25
"beta",1970-01-13,0,0,0.743673808710825,0.01021774631959,0.723647393921262,0.763700223500388,2021-12-26
"report_prob",1970-01-13,0,0,1,0,1,1,2021-12-26
"serop",1970-01-13,0,0,0.00379569360833664,0.000176177492826732,0.00345039206750968,0.0041409951491636,2021-12-26
"cases",1970-01-13,0,0,560.073887640857,23.200126788587,514.602474698464,605.545300583251,2021-12-26
"beta",1970-01-14,0,0,0.686358148391634,0.0108935301831475,0.665007221568164,0.707709075215103,2021-12-27
"report_prob",1970-01-14,0,0,1,0,1,1,2021-12-27
"serop",1970-01-14,0,0,0.00453399240356533,0.000209371110921234,0.00412363256675657,0.00494435224037409,2021-12-27
"cases",1970-01-14,0,0,617.476260804069,24.3181396288774,569.813582960453,665.138938647685,2021-12-27
"beta",1970-01-15,0,0,0.633482244777326,0.0113739157454743,0.611189779553003,0.655774710001649,2021-12-28
"report_prob",1970-01-15,0,0,1,0,1,1,2021-12-28
"serop",1970-01-15,0,0,0.0053680723498813,0.000245569235118814,0.00488676549333737,0.00584937920642522,2021-12-28
"cases",1970-01-15,0,0,673.992318529708,25.0734606466178,624.849238694555,723.135398364861,2021-12-28
"beta",1970-01-16,0,0,0.58485964614341,0.0116832932165116,0.561960812218226,0.607758480068594,2021-12-29
"report_prob",1970-01-16,0,0,1,0,1,1,2021-12-29
"serop",1970-01-16,0,0,0.00630050850167366,0.000284396636379136,0.00574310133704622,0.0068579156663011,2021-12-29
"cases",1970-01-16,0,0,728.683029051208,25.436802517437,678.827812235174,778.538245867242,2021-12-29
"beta",1970-01-17,0,0,0.540283209669634,0.0118455817285786,0.517066296105694,0.563500123233574,2021-12-30
"report_prob",1970-01-17,0,0,1,0,1,1,2021-12-30
"serop",1970-01-17,0,0,0.00733237023295966,0.000325372476192518,0.00669465189806171,0.00797008856785762,2021-12-30
"cases",1970-01-17,0,0,780.672795831281,25.397157735745,730.895281359538,830.450310303024,2021-12-30
"beta",1970-01-18,0,0,0.499531785263381,0.0118834538966439,0.476240643614017,0.522822926912745,2021-12-31
"report_prob",1970-01-18,0,0,1,0,1,1,2021-12-31
"serop",1970-01-18,0,0,0.00846315821406596,0.000367927613781019,0.0077420333421374,0.00918428308599453,2021-12-31
"cases",1970-01-18,0,0,829.18150476652,24.9623375119523,780.256222273161,878.10678725988,2021-12-31
"beta",1970-01-19,0,0,0.462376123165554,0.0118178914882999,0.439213481475284,0.485538764855824,2022-01-01
"report_prob",1970-01-19,0,0,0.6656,0,0.6656,0.6656,2022-01-01
"serop",1970-01-19,0,0,0.00969080616677083,0.000411426962030185,0.00888442413892293,0.0104971881946187,2022-01-01
"cases",1970-01-19,0,0,581.434407025055,16.0798901719323,549.918401412708,612.950412637402,2022-01-01
"beta",1970-01-20,0,0,0.428583972850081,0.0116679424937858,0.405715225788577,0.451452719911586,2022-01-02
"report_prob",1970-01-20,0,0,0.6656,0,0.6656,0.6656,2022-01-02
"serop",1970-01-20,0,0,0.0110117451995397,0.000455195159737516,0.0101195790805172,0.0119039113185622,2022-01-02
"cases",1970-01-20,0,0,607.861173338153,15.3280381245219,577.818770660434,637.903576015873,2022-01-02
"beta",1970-01-21,0,0,0.397924376201539,0.0114506134752657,0.375481586189129,0.420367166213949,2022-01-03
"report_prob",1970-01-21,0,0,0.6656,0,0.6656,0.6656,2022-01-03
"serop",1970-01-21,0,0,0.0124210243722811,0.00049854364942003,0.0114438967746966,0.0133981519698655,2022-01-03
"cases",1970-01-21,0,0,630.931553479185,14.3986222713928,602.710772400259,659.152334558111,2022-01-03
"beta",1970-01-22,0,0,0.370171186076308,0.0111808574059437,0.34825710824438,0.392085263908235,2022-01-04
"report_prob",1970-01-22,0,0,0.6656,0,0.6656,0.6656,2022-01-04
"serop",1970-01-22,0,0,0.0139124778783621,0.000540797282382161,0.0128525346819559,0.0149724210747682,2022-01-04
"cases",1970-01-22,0,0,650.489923869717,13.3404805248868,624.343062504481,676.636785234953,2022-01-04
"beta",1970-01-23,0,0,0.345105862263485,0.0108716296269302,0.323797859741443,0.366413864785527,2022-01-05
"report_prob",1970-01-23,0,0,0.6656,0,0.6656,0.6656,2022-01-05
"serop",1970-01-23,0,0,0.0154789270818408,0.000581318787176271,0.0143395631954388,0.0166182909682428,2022-01-05
"cases",1970-01-23,0,0,666.472536591242,12.2116506818561,642.53814106302,690.406932119464,2022-01-05
"beta",1970-01-24,0,0,0.322519611098039,0.0105339913948791,0.301873367350621,0.343165854845457,2022-01-06
"report_prob",1970-01-24,0,0,0.6656,0,0.6656,0.6656,2022-01-06
"serop",1970-01-24,0,0,0.0171124046729688,0.000619529784826249,0.0158981486073595,0.0183266607385781,2022-01-06
"cases",1970-01-24,0,0,678.899499266297,11.07955930024,657.183962073251,700.615036459344,2022-01-06
"beta",1970-01-25,0,0,0.302214943338854,0.010177244957094,0.282267909761108,0.3221619769166,2022-01-07
"report_prob",1970-01-25,0,0,0.6656,0,0.6656,0.6656,2022-01-07
"serop",1970-01-25,0,0,0.0188043883274265,0.000654927455725875,0.0175207541017173,0.0200880225531357,2022-01-07
"cases",1970-01-25,0,0,687.864217125342,10.0213160155562,668.222798657157,707.505635593526,2022-01-07
"beta",1970-01-26,0,0,0.284006728351727,0.00980908744185242,0.264781270244492,0.303232186458962,2022-01-08
"report_prob",1970-01-26,0,0,0.6656,0,0.6656,0.6656,2022-01-08
"serop",1970-01-26,0,0,0.0205460322916532,0.000687096401500529,0.0191993480908051,0.0218927164925013,2022-01-08
"cases",1970-01-26,0,0,693.521296922142,9.12212464160498,675.642261162111,711.400332682173,2022-01-08
"beta",1970-01-27,0,0,0.267722822122197,0.00943577359960656,0.249229045700694,0.2862165985437,2022-01-09
"report_prob",1970-01-27,0,0,0.6656,0,0.6656,0.6656,2022-01-09
"serop",1970-01-27,0,0,0.0223283870230354,0.000715715651854017,0.0209256101222299,0.0237311639238409,2022-01-09
"cases",1970-01-27,0,0,696.073806503696,8.46740067472492,679.478006138565,712.669606868827,2022-01-09
"beta",1970-01-28,0,0,0.253204343125884,0.00906227977699127,0.235442601145156,0.270966085106613,2022-01-10
"report_prob",1970-01-28,0,0,0.6656,0,0.6656,0.6656,2022-01-10
"serop",1970-01-28,0,0,0.0241425991246524,0.000740561106699825,0.0226911260271696,0.0255940722221351,2022-01-10
"cases",1970-01-28,0,0,695.760628671163,8.12398411532208,679.837912394156,711.68334494817,2022-01-10
"beta",1970-01-29,0,0,0.240305664482481,0.00869246352920432,0.223268749028312,0.257342579936649,2022-01-11
"report_prob",1970-01-29,0,0,0.6656,0,0.6656,0.6656,2022-01-11
"serop",1970-01-29,0,0,0.0259800860797839,0.000761503957984075,0.0244875657480504,0.0274726064115174,2022-01-11
"cases",1970-01-29,0,0,692.844470342542,8.11506665349653,676.939231969547,708.749708715538,2022-01-11
"beta",1970-01-30,0,0,0.2288941838754,0.00832921501236382,0.212569222431677,0.245219145319124,2022-01-12
"report_prob",1970-01-30,0,0,0.6656,0,0.6656,0.6656,2022-01-12
"serop",1970-01-30,0,0,0.0278326825009415,0.000778505797769776,0.0263068391755572,0.0293585258263259,2022-01-12
"cases",1970-01-30,0,0,687.600909438275,8.40851177031684,671.120529204873,704.081289671677,2022-01-12
"beta",1970-01-31,0,0,0.218849925062535,0.00797459777021434,0.203220000641722,0.234479849483349,2022-01-13
"report_prob",1970-01-31,0,0,0.6656,0,0.6656,0.6656,2022-01-13
"serop",1970-01-31,0,0,0.0296927566038925,0.000791611194677968,0.028141227172565,0.03124428603522,2022-01-13
"cases",1970-01-31,0,0,680.308697526338,8.9325864818347,662.801149733152,697.816245319523,2022-01-13
"beta",1970-02-01,0,0,0.210065016931182,0.00762997776585383,0.195110535307267,0.225019498555097,2022-01-14
"report_prob",1970-02-01,0,0,0.6656,0,0.6656,0.6656,2022-01-14
"serop",1970-02-01,0,0,0.0315532972970534,0.000800938522500758,0.0299834866391212,0.0331231079549856,2022-01-14
"cases",1970-02-01,0,0,671.241395157109,9.60536876397437,652.415218321493,690.067571992724,2022-01-14
"beta",1970-02-02,0,0,0.202443088332794,0.00729614054271967,0.188142915642921,0.216743261022667,2022-01-15
"report_prob",1970-02-02,0,0,0.6656,0,0.6656,0.6656,2022-01-15
"serop",1970-02-02,0,0,0.0334079735905308,0.000806669769513507,0.0318269298948671,0.0349890172861945,2022-01-15
"cases",1970-02-02,0,0,660.660302936881,10.3559055837047,640.363100965522,680.957504908239,2022-01-15
"beta",1970-02-03,0,0,0.195898609629776,0.00697339727143855,0.182231002127866,0.209566217131685,2022-01-16
"report_prob",1970-02-03,0,0,0.6656,0,0.6656,0.6656,2022-01-16
"serop",1970-02-03,0,0,0.035251168969666,0.000809039962489615,0.0336654797811327,0.0368368581581993,2022-01-16
"cases",1970-02-03,0,0,648.808564870971,11.1314465727746,626.991330492501,670.625799249441,2022-01-16
"beta",1970-02-04,0,0,0.190356205161894,0.00666168119949664,0.177299549934393,0.203412860389395,2022-01-17
"report_prob",1970-02-04,0,0,0.6656,0,0.6656,0.6656,2022-01-17
"serop",1970-02-04,0,0,0.0370779939697844,0.000808326722206192,0.0354937027065189,0.0386622852330498,2022-01-17
"cases",1970-02-04,0,0,635.969494804945,11.8922302488672,612.661151821307,659.277837788582,2022-01-17
"beta",1970-02-05,0,0,0.185749954783345,0.00636063672594044,0.173283335881759,0.198216573684931,2022-01-18
"report_prob",1970-02-05,0,0,0.6656,0,0.6656,0.6656,2022-01-18
"serop",1970-02-05,0,0,0.0388842804773109,0.000804840341268537,0.0373068223951196,0.0404617385595021,2022-01-18
"cases",1970-02-05,0,0,622.36253800931,12.6139686789737,597.639613696405,647.085462322214,2022-01-18
"beta",1970-02-06,0,0,0.182022697265212,0.00606970403889437,0.170126295952162,0.193919098578263,2022-01-19
"report_prob",1970-02-06,0,0,0.6656,0,0.6656,0.6656,2022-01-19
"serop",1970-02-06,0,0,0.0406665613236967,0.000798914651136095,0.0391007173807486,0.0422324052666449,2022-01-19
"cases",1970-02-06,0,0,608.196593096077,13.2812223910544,582.165875538943,634.22731065321,2022-01-19
"beta",1970-02-07,0,0,0.179125343693939,0.00578820305472503,0.167780674171473,0.190470013216405,2022-01-20
"report_prob",1970-02-07,0,0,0.6656,0,0.6656,0.6656,2022-01-20
"serop",1970-02-07,0,0,0.0424220385918536,0.000790898830848628,0.0408719053679755,0.0439721718157318,2022-01-20
"cases",1970-02-07,0,0,593.666115352402,13.8847745252828,566.452457349389,620.879773355416,2022-01-20
"beta",1970-02-08,0,0,0.177016204990996,0.0055154213692858,0.166206177747634,0.187826232234359,2022-01-21
"report_prob",1970-02-08,0,0,0.6656,0,0.6656,0.6656,2022-01-21
"serop",1970-02-08,0,0,0.044148543776281,0.00078115020988233,0.0426175174983958,0.0456795700541663,2022-01-21
"cases",1970-02-08,0,0,578.95074329678,14.4196400030787,550.688768220713,607.212718372847,2022-01-21
"beta",1970-02-09,0,0,0.175660334286032,0.00525071216384812,0.165369127551703,0.185951541020361,2022-01-22
"report_prob",1970-02-09,0,0,0.6378,0,0.6378,0.6378,2022-01-22
"serop",1970-02-09,0,0,0.0458444925775602,0.000770028034406597,0.0443352653630371,0.0473537197920833,2022-01-22
"cases",1970-02-09,0,0,540.650541479339,14.2620068505856,512.697521704927,568.60356125375,2022-01-22
"beta",1970-02-10,0,0,0.175028882046969,0.00499360957524805,0.165241587126628,0.184816176967309,2022-01-23
"report_prob",1970-02-10,0,0,0.6378,0,0.6378,0.6378,2022-01-23
"serop",1970-02-10,0,0,0.0475088367106516,0.000757888101169453,0.0460234033280481,0.0489942700932552,2022-01-23
"cases",1970-02-10,0,0,526.659002551964,14.6384271542733,497.968212539275,555.349792564653,2022-01-23
"beta",1970-02-11,0,0,0.175098459563255,0.00474397093869268,0.165800447379713,0.184396471746798,2022-01-24
"report_prob",1970-02-11,0,0,0.6378,0,0.6378,0.6378,2022-01-24
"serop",1970-02-11,0,0,0.0491410146967312,0.000745078116871567,0.047680688421994,0.0506013409714684,2022-01-24
"cases",1970-02-11,0,0,512.930051092232,14.9474705715835,483.633547111956,542.226555072508,2022-01-24
"beta",1970-02-12,0,0,0.175850504562507,0.00450215730719853,0.167026438387664,0.18467457073735,2022-01-25
"report_prob",1970-02-12,0,0,0.6378,0,0.6378,0.6378,2022-01-25
"serop",1970-02-12,0,0,0.050740903213704,0.000731933613678035,0.0493063396918208,0.0521754667355872,2022-01-25
"cases",1970-02-12,0,0,499.588078399316,15.1907188283594,469.814816596457,529.361340202174,2022-01-25
"beta",1970-02-13,0,0,0.177270641402462,0.00426926491545064,0.168903035927718,0.185638246877205,2022-01-26
"report_prob",1970-02-13,0,0,0.6378,0,0.6378,0.6378,2022-01-26
"serop",1970-02-13,0,0,0.0523087702169535,0.000718774244314062,0.050899998585083,0.0537175418488241,2022-01-26
"cases",1970-02-13,0,0,486.747704639246,15.3702668413237,456.622535197482,516.872874081011,2022-01-26
"beta",1970-02-14,0,0,0.179348027425224,0.0040474186102524,0.171415232718772,0.187280822131676,2022-01-27
"report_prob",1970-02-14,0,0,0.6378,0,0.6378,0.6378,2022-01-27
"serop",1970-02-14,0,0,0.0538452307187465,0.00070590029405856,0.0524616915657154,0.0552287698717775,2022-01-27
"cases",1970-02-14,0,0,474.514257962871,15.4885944922216,444.157170586971,504.871345338771,2022-01-27
"beta",1970-02-15,0,0,0.182074676714738,0.00384012881434594,0.174548162542626,0.189601190886851,2022-01-28
"report_prob",1970-02-15,0,0,0.6378,0,0.6378,0.6378,2022-01-28
"serop",1970-02-15,0,0,0.0553512058363893,0.000693589282752018,0.0539917958221323,0.0567106158506462,2022-01-28
"cases",1970-02-15,0,0,462.984067256807,15.5485061023663,432.509555282768,493.458579230846,2022-01-28
"beta",1970-02-16,0,0,0.185444752705823,0.00365268688837796,0.1782856179578,0.192603887453845,2022-01-29
"report_prob",1970-02-16,0,0,0.6378,0,0.6378,0.6378,2022-01-29
"serop",1970-02-16,0,0,0.0568278854862602,0.000682092587145132,0.055491008581334,0.0581647623911864,2022-01-29
"cases",1970-02-16,0,0,452.244627514439,15.5531064733074,421.761098979039,482.728156049838,2022-01-29
"beta",1970-02-17,0,0,0.189453821913456,0.00349251570735811,0.182608616911594,0.196299026915318,2022-01-30
"report_prob",1970-02-17,0,0,0.6378,0,0.6378,0.6378,2022-01-30
"serop",1970-02-17,0,0,0.0582766949110771,0.000671632089137968,0.0569603202055053,0.059593069616649,2022-01-30
"cases",1970-02-17,0,0,442.374709332684,15.5057909262487,411.983917565429,472.765501099939,2022-01-30
"beta",1970-02-18,0,0,0.194098062553165,0.00336929318902343,0.187494369249323,0.200701755857007,2022-01-31
"report_prob",1970-02-18,0,0,0.6378,0,0.6378,0.6378,2022-01-31
"serop",1970-02-18,0,0,0.059699265077349,0.000662396940930755,0.0584009909296552,0.0609975392250428,2022-01-31
"cases",1970-02-18,0,0,433.44448323215,15.4102349467653,403.240977743189,463.64798872111,2022-01-31
"beta",1970-02-19,0,0,0.19937342407647,0.0032945536140624,0.192916217647772,0.205830630505169,2022-02-01
"report_prob",1970-02-19,0,0,0.6378,0,0.6378,0.6378,2022-02-01
"serop",1970-02-19,0,0,0.06109740686404,0.000654540621020271,0.0598145308204218,0.0623802829076582,2022-02-01
"cases",1970-02-19,0,0,425.515717827049,15.2703765776964,395.5863297044,455.445105949698,2022-02-01
"beta",1970-02-20,0,0,0.205274736707201,0.00328046326505196,0.198845146855092,0.211704326559309,2022-02-02
"report_prob",1970-02-20,0,0,0.6378,0,0.6378,0.6378,2022-02-02
"serop",1970-02-20,0,0,0.0624730888767917,0.000648178518502476,0.0612026823249743,0.063743495428609,2022-02-02
"cases",1970-02-20,0,0,418.642091879007,15.0903911755257,389.065468662355,448.218715095658,2022-02-02
"beta",1970-02-21,0,0,0.211794773967033,0.00333775997117384,0.205252884634492,0.218336663299573,2022-02-03
"report_prob",1970-02-21,0,0,0.6378,0,0.6378,0.6378,2022-02-03
"serop",1970-02-21,0,0,0.0638284186593227,0.000643386309839588,0.062567404663891,0.0650894326547544,2022-02-03
"cases",1970-02-21,0,0,412.869637884442,14.8746631797237,383.715833770019,442.023441998864,2022-02-03
"beta",1970-02-22,0,0,0.218923275911364,0.00347346279130551,0.212115413938766,0.225731137883963,2022-02-04
"report_prob",1970-02-22,0,0,0.6378,0,0.6378,0.6378,2022-02-04
"serop",1970-02-22,0,0,0.0651656270298481,0.000640199369292476,0.0639108593231096,0.0664203947365866,2022-02-04
"cases",1970-02-22,0,0,408.2373126945,14.6277629456137,379.567424146707,436.907201242292,2022-02-04
"beta",1970-02-23,0,0,0.226645946288519,0.00368940679619257,0.219414841843664,0.233877050733374,2022-02-05
"report_prob",1970-02-23,0,0,0.6378,0,0.6378,0.6378,2022-02-05
"serop",1970-02-23,0,0,0.0664870552409441,0.000638613379049538,0.0652353960179616,0.0677387144639266,2022-02-05
"cases",1970-02-23,0,0,404.777671561204,14.3544384677442,376.643489146129,432.911853976278,2022-02-05
"beta",1970-02-24,0,0,0.23494344293741,0.00398228891724563,0.227138300083576,0.242748585791245,2022-02-06
"report_prob",1970-02-24,0,0,0.6378,0,0.6378,0.6378,2022-02-06
"serop",1970-02-24,0,0,0.0677951446421734,0.000638586188562328,0.0665435387115665,0.0690467505727803,2022-02-06
"cases",1970-02-24,0,0,402.517607687869,14.0596321246756,374.961235087622,430.073980288115,2022-02-06
"beta",1970-02-25,0,0,0.243790387209394,0.00434493412004702,0.235274472818902,0.252306301599885,2022-02-07
"report_prob",1970-02-25,0,0,0.6378,0,0.6378,0.6378,2022-02-07
"serop",1970-02-25,0,0,0.0690924285124727,0.000640040837753716,0.0678379715218406,0.0703468855031049,2022-02-07
"cases",1970-02-25,0,0,401.479110510649,13.7485315888307,374.532483756229,428.425737265068,2022-02-07
"beta",1970-02-26,0,0,0.253154424695036,0.00476789055377359,0.243809530927411,0.262499318462661,2022-02-08
"report_prob",1970-02-26,0,0,0.6378,0,0.6378,0.6378,2022-02-08
"serop",1970-02-26,0,0,0.0703815257208743,0.000642869534654878,0.0691215245861927,0.0716415268555559,2022-02-08
"cases",1970-02-26,0,0,401.679992344734,13.4266618368635,375.364218711883,427.995765977584,2022-02-08
"beta",1970-02-27,0,0,0.262995375608968,0.0052406541476673,0.25272388222411,0.273266868993827,2022-02-09
"report_prob",1970-02-27,0,0,0.6378,0,0.6378,0.6378,2022-02-09
"serop",1970-02-27,0,0,0.0716651358672101,0.000646938290889298,0.0703971601168472,0.0729331116175731,2022-02-09
"cases",1970-02-27,0,0,403.134533893687,13.1000215811187,377.458963397997,428.810104389377,2022-02-09
"beta",1970-02-28,0,0,0.273264518296504,0.00575232974948445,0.261990159160316,0.284538877432691,2022-02-10
"report_prob",1970-02-28,0,0,0.6378,0,0.6378,0.6378,2022-02-10
"serop",1970-02-28,0,0,0.0729460355472456,0.000652091883967446,0.0716679589400585,0.0742241121544327,2022-02-10
"cases",1970-02-28,0,0,405.854003359683,12.775261858049,380.814950224839,430.893056494528,2022-02-10
"beta",1970-03-01,0,0,0.28390405286828,0.00629186204885404,0.271572229856832,0.296235875879729,2022-02-11
"report_prob",1970-03-01,0,0,0.6378,0,0.6378,0.6378,2022-02-11
"serop",1970-03-01,0,0,0.0742270753779518,0.00065815883507906,0.07293710776509,0.0755170429908136,2022-02-11
"cases",1970-03-01,0,0,409.847010401123,12.4598959670155,385.426063054657,434.267957747589,2022-02-11
"beta",1970-03-02,0,0,0.29484679331163,0.00684804304778085,0.2814248755734,0.30826871104986,2022-02-12
"report_prob",1970-03-02,0,0,0.6378,0,0.6378,0.6378,2022-02-12
"serop",1970-03-02,0,0,0.0755111774076858,0.000664956154121179,0.07420788729431,0.0768144675210616,2022-02-12
"cases",1970-03-02,0,0,415.119664025201,12.1625171905495,391.281568370375,438.957759680027,2022-02-12
"beta",1970-03-03,0,0,0.306016134968088,0.00740945431369019,0.29149387136816,0.320538398568016,2022-02-13
"report_prob",1970-03-03,0,0,0.6378,0,0.6378,0.6378,2022-02-13
"serop",1970-03-03,0,0,0.0768013325228132,0.000672293691921885,0.0754836610996128,0.0781190039460135,2022-02-13
"cases",1970-03-03,0,0,421.675512009326,11.8929827988825,398.365694054761,444.98532996389,2022-02-13
"beta",1970-03-04,0,0,0.317326339503228,0.00796443556385373,0.301716332640885,0.332936346365572,2022-02-14
"report_prob",1970-03-04,0,0,0.6378,0,0.6378,0.6378,2022-02-14
"serop",1970-03-04,0,0,0.0781005974473221,0.000679978033982823,0.0767678649904374,0.0794333299042068,2022-02-14
"cases",1970-03-04,0,0,429.515248246514,11.6625005018643,406.657167293179,452.373329199848,2022-02-14
"beta",1970-03-05,0,0,0.328683171101082,0.00850112287579456,0.312021276436376,0.345345065765789,2022-02-15
"report_prob",1970-03-05,0,0,0.6378,0,0.6378,0.6378,2022-02-15
"serop",1970-03-05,0,0,0.0794120909164394,0.000687815955298008,0.0780639964160633,0.0807601854168155,2022-02-15
"cases",1970-03-05,0,0,438.636183400239,11.4835316062157,416.128875036729,461.143491763749,2022-02-15
"beta",1970-03-06,0,0,0.339984905514565,0.00900757168145208,0.322330389430756,0.357639421598373,2022-02-16
"report_prob",1970-03-06,0,0,0.6378,0,0.6378,0.6378,2022-02-16
"serop",1970-03-06,0,0,0.0807389885910667,0.000695617522449464,0.0793756033000507,0.0821023738820826,2022-02-16
"cases",1970-03-06,0,0,449.031483521572,11.3694152967792,426.747839014606,471.315128028538,2022-02-16
"beta",1970-03-07,0,0,0.351123718033337,0.00947196457774684,0.332559008598114,0.36968842746856,2022-02-17
"report_prob",1970-03-07,0,0,0.6378,0,0.6378,0.6378,2022-02-17
"serop",1970-03-07,0,0,0.0820845162696152,0.000703198973494293,0.0807062716076008,0.0834627609316295,2022-02-17
"cases",1970-03-07,0,0,460.689191015219,11.3336392337545,438.47566630329,482.902715727148,2022-02-17
"beta",1970-03-08,0,0,0.361987437983763,0.00988289572581149,0.342617318298208,0.381357557669318,2022-02-18
"report_prob",1970-03-08,0,0,0.6378,0,0.6378,0.6378,2022-02-18
"serop",1970-03-08,0,0,0.0834519409508211,0.000710385528438047,0.0820596108999441,0.0848442710016981,2022-02-18
"cases",1970-03-08,0,0,473.591052733326,11.3887508789593,451.269511181667,495.912594284985,2022-02-18
"beta",1970-03-09,0,0,0.372461637006428,0.0102297186689311,0.352411756843346,0.39251151716951,2022-02-19
"report_prob",1970-03-09,0,0,0.6378,0,0.6378,0.6378,2022-02-19
"serop",1970-03-09,0,0,0.0848445593092654,0.000717014285644954,0.0834392371330006,0.0862498814855302,2022-02-19
"cases",1970-03-09,0,0,487.711191124412,11.5450204637667,465.083366814652,510.339015434173,2022-02-19
"beta",1970-03-10,0,0,0.382431997346902,0.0105029411756876,0.361846610910812,0.403017383782993,2022-02-20
"report_prob",1970-03-10,0,0,0.6378,0,0.6378,0.6378,2022-02-20
"serop",1970-03-10,0,0,0.0862656831689496,0.000722937345152637,0.0848487520093715,0.0876826143285278,2022-02-20
"cases",1970-03-10,0,0,503.014666189649,11.8090909498807,479.869273237725,526.160059141573,2022-02-20
"beta",1970-03-11,0,0,0.39178688627466,0.0106946487176963,0.370825759960668,0.412748012588652,2022-02-21
"report_prob",1970-03-11,0,0,0.6378,0,0.6378,0.6378,2022-02-21
"serop",1970-03-11,0,0,0.0877186216039224,0.000728025270534027,0.0862917182938407,0.0891455249140041,2022-02-21
"cases",1970-03-11,0,0,519.455988175341,12.1829111243806,495.577921144702,543.334055205979,2022-02-21
"beta",1970-03-12,0,0,0.400420045168871,0.0107989374521869,0.379254516691283,0.421585573646458,2022-02-22
"report_prob",1970-03-12,0,0,0.6378,0,0.6378,0.6378,2022-02-22
"serop",1970-03-12,0,0,0.0892066593629765,0.000732170957560226,0.0877716306556322,0.0906416880703207,2022-02-22
"cases",1970-03-12,0,0,536.977652851641,12.6631889436108,512.158258592737,561.797047110544,2022-02-22
"beta",1970-03-13,0,0,0.40823328840381,0.0108123382919268,0.38704149476297,0.42942508204465,2022-02-23
"report_prob",1970-03-13,0,0,0.5957,0,0.5957,0.5957,2022-02-23
"serop",1970-03-13,0,0,0.0907330314115634,0.000735293920008801,0.0892918818102949,0.092174181012832,2022-02-23
"cases",1970-03-13,0,0,518.840673308419,12.367396576282,494.601021436383,543.080325180456,2022-02-23
"beta",1970-03-14,0,0,0.415139099354855,0.0107342159135924,0.394100422761937,0.436177775947773,2022-02-24
"report_prob",1970-03-14,0,0,0.5957,0,0.5957,0.5957,2022-02-24
"serop",1970-03-14,0,0,0.0923008935108146,0.000737344929164339,0.0908557240054692,0.0937460630161599,2022-02-24
"cases",1970-03-14,0,0,537.011651120329,12.986712885484,511.558161587218,562.46514065344,2022-02-24
"beta",1970-03-15,0,0,0.421063009681316,0.0105671301559647,0.400351815155678,0.441774204206954,2022-02-25
"report_prob",1970-03-15,0,0,0.5957,0,0.5957,0.5957,2022-02-25
"serop",1970-03-15,0,0,0.0939132889115916,0.000738310852072896,0.0924662262321336,0.0953603515910496,2022-02-25
"cases",1970-03-15,0,0,555.951514805803,13.6694210933531,529.159941773319,582.743087838287,2022-02-25
"beta",1970-03-16,0,0,0.425945654065205,0.0103171512971678,0.405724409099705,0.446166899030705,2022-02-26
"report_prob",1970-03-16,0,0,0.5957,0,0.5957,0.5957,2022-02-26
"serop",1970-03-16,0,0,0.0955731114290437,0.000738219423108188,0.0941262279470638,0.0970199949110237,2022-02-26
"cases",1970-03-16,0,0,575.55125393931,14.3969651361938,547.333720785691,603.768787092929,2022-02-26
"beta",1970-03-17,0,0,0.429744405729177,0.00999412303317115,0.410156284527099,0.449332526931254,2022-02-27
"report_prob",1970-03-17,0,0,0.5957,0,0.5957,0.5957,2022-02-27
"serop",1970-03-17,0,0,0.09728306537546,0.000737143554541427,0.095838290557123,0.098727840193797,2022-02-27
"cases",1970-03-17,0,0,595.687011394615,15.1489038448986,565.995705453354,625.378317335877,2022-02-27
"beta",1970-03-18,0,0,0.432434517620616,0.00961186323221375,0.413595611861153,0.45127342338008,2022-02-28
"report_prob",1970-03-18,0,0,0.5957,0,0.5957,0.5957,2022-02-28
"serop",1970-03-18,0,0,0.0990456230581701,0.00073520464922424,0.0976046484244242,0.100486597691916,2022-02-28
"cases",1970-03-18,0,0,616.220596299602,15.9036668914507,585.049981970236,647.391210628967,2022-02-28
"beta",1970-03-19,0,0,0.434009718837858,0.00918827469673189,0.416001031352202,0.452018406323513,2022-03-01
"report_prob",1970-03-19,0,0,0.5957,0,0.5957,0.5957,2022-03-01
"serop",1970-03-19,0,0,0.100862980783362,0.000732574234270648,0.0994271616681894,0.102298799898534,2022-03-01
"cases",1970-03-19,0,0,637.000566790178,16.6392498346507,604.388236384498,669.612897195857,2022-03-01
"beta",1970-03-20,0,0,0.434482243916106,0.00874529360006976,0.417341783425741,0.451622704406472,2022-03-02
"report_prob",1970-03-20,0,0,0.5957,0,0.5957,0.5957,2022-03-02
"serop",1970-03-20,0,0,0.10273701453137,0.000729473112164509,0.101307273503837,0.104166755558903,2022-03-02
"cases",1970-03-20,0,0,657.86390905485,17.333879753735,623.890129025181,691.837689084518,2022-03-02
"beta",1970-03-21,0,0,0.433882301904709,0.00830851788888461,0.417597906077589,0.45016669773183,2022-03-03
"report_prob",1970-03-21,0,0,0.5957,0,0.5957,0.5957,2022-03-03
"serop",1970-03-21,0,0,0.104669236667351,0.000726167163979609,0.103245975179196,0.106092498155507,2022-03-03
"cases",1970-03-21,0,0,678.638308131739,17.9666807599485,643.424260920511,713.852355342966,2022-03-03
"beta",1970-03-22,0,0,0.432257020574826,0.00790623311961965,0.416761088406994,0.447752952742659,2022-03-04
"report_prob",1970-03-22,0,0,0.5957,0,0.5957,0.5957,2022-03-04
"serop",1970-03-22,0,0,0.106660755205332,0.000722958994256546,0.10524378161429,0.108077728796374,2022-03-04
"cases",1970-03-22,0,0,699.14497141293,18.5183553774566,662.849661820202,735.440281005659,2022-03-04
"beta",1970-03-23,0,0,0.429668926536946,0.00756744997781046,0.414836997125629,0.444500855948263,2022-03-05
"report_prob",1970-03-23,0,0,0.5957,0,0.5957,0.5957,2022-03-05
"serop",1970-03-23,0,0,0.108712237235915,0.000720174845690977,0.107300720475789,0.110123753996041,2022-03-05
"cases",1970-03-23,0,0,719.201930347756,18.971882045058,682.0177248205,756.386135875011,2022-03-05
"beta",1970-03-24,0,0,0.426194042779162,0.0073186647506668,0.411849723452932,0.440538362105391,2022-03-06
"report_prob",1970-03-24,0,0,0.5957,0,0.5957,0.5957,2022-03-06
"serop",1970-03-24,0,0,0.110823878143414,0.000718146693513771,0.10941633648851,0.112231419798317,2022-03-06
"cases",1970-03-24,0,0,738.627712361193,19.3132156587098,700.774505244467,776.480919477919,2022-03-06
"beta",1970-03-25,0,0,0.421919699893449,0.00717960122038425,0.407847940078136,0.435991459708761,2022-03-07
"report_prob",1970-03-25,0,0,0.5957,0,0.5957,0.5957,2022-03-07
"serop",1970-03-25,0,0,0.112995378166021,0.000717190170713824,0.111589711261355,0.114401045070686,2022-03-07
"cases",1970-03-25,0,0,757.245246570397,19.5319691778546,718.963290434656,795.527202706139,2022-03-07
"beta",1970-03-26,0,0,0.416942165344491,0.00715916305902942,0.402910463589344,0.430973867099638,2022-03-08
"report_prob",1970-03-26,0,0,0.5957,0,0.5957,0.5957,2022-03-08
"serop",1970-03-26,0,0,0.115225927688034,0.000717579904881085,0.113819496918437,0.11663235845763,2022-03-08
"cases",1970-03-26,0,0,774.885846292681,19.6220501458717,736.427334703934,813.344357881428,2022-03-08
"beta",1970-03-27,0,0,0.411364196459856,0.00725347142212215,0.397147653709606,0.425580739210106,2022-03-09
"report_prob",1970-03-27,0,0,0.5957,0,0.5957,0.5957,2022-03-09
"serop",1970-03-27,0,0,0.117514202398449,0.000719524774948067,0.116103959753567,0.118924445043332,2022-03-09
"cases",1970-03-27,0,0,791.393100778444,19.5822257058389,753.012643657865,829.773557899023,2022-03-09
"beta",1970-03-28,0,0,0.405292617848325,0.00744717061771871,0.390696431650871,0.419888804045778,2022-03-10
"report_prob",1970-03-28,0,0,0.5957,0,0.5957,0.5957,2022-03-10
"serop",1970-03-28,0,0,0.119858369115479,0.000723146231283201,0.118441028546609,0.12127570968435,2022-03-10
"cases",1970-03-28,0,0,806.626509345709,19.416591566886,768.570689172088,844.68232951933,2022-03-10
"beta",1970-03-29,0,0,0.39883601361636,0.00771737787063535,0.383710230934828,0.413961796297892,2022-03-11
"report_prob",1970-03-29,0,0,0.5957,0,0.5957,0.5957,2022-03-11
"serop",1970-03-29,0,0,0.122256102679105,0.000728462868289901,0.120828341693182,0.123683863665028,2022-03-11
"cases",1970-03-29,0,0,820.464703312297,19.1349215667095,782.960946194547,857.968460430046,2022-03-11
"beta",1970-03-30,0,0,0.392102610311816,0.00803836685518638,0.376347700781131,0.407857519842502,2022-03-12
"report_prob",1970-03-30,0,0,0.5957,0,0.5957,0.5957,2022-03-12
"serop",1970-03-30,0,0,0.124704613877088,0.000735383738561718,0.123263288234691,0.126145939519486,2022-03-12
"cases",1970-03-30,0,0,832.808123852319,18.7528708394517,796.053172400263,869.563075304376,2022-03-12
"beta",1970-03-31,0,0,0.385198409415361,0.00838530788462295,0.368763507962221,0.401633310868502,2022-03-13
"report_prob",1970-03-31,0,0,0.5957,0,0.5957,0.5957,2022-03-13
"serop",1970-03-31,0,0,0.127200687921628,0.000743711555160657,0.125743040058627,0.128658335784629,2022-03-13
"cases",1970-03-31,0,0,843.581055156503,18.2919916187428,807.729410378259,879.432699934748,2022-03-13
"beta",1970-04-01,0,0,0.378225609882353,0.00873645587078221,0.361102471023097,0.39534874874161,2022-03-14
"report_prob",1970-04-01,0,0,0.5957,0,0.5957,0.5957,2022-03-14
"serop",1970-04-01,0,0,0.129740732563188,0.000753155305593067,0.12826457528946,0.131216889836915,2022-03-14
"cases",1970-04-01,0,0,852.732949287709,17.7794903866133,817.885788466471,887.580110108947,2022-03-14
"beta",1970-04-02,0,0,0.37128134305903,0.00907400999604062,0.353496610271434,0.389066075846626,2022-03-15
"report_prob",1970-04-02,0,0,0.5957,0,0.5957,0.5957,2022-03-15
"serop",1970-04-02,0,0,0.13232083454311,0.000763350369466723,0.13082469531137,0.13381697377485,2022-03-15
"cases",1970-04-02,0,0,860.239018698534,17.247605442116,826.43433321243,894.043704184638,2022-03-15
"beta",1970-04-03,0,0,0.364456725390974,0.00938413913911263,0.3460641506524,0.382849300129547,2022-03-16
"report_prob",1970-04-03,0,0,0.3949,0,0.3949,0.3949,2022-03-16
"serop",1970-04-03,0,0,0.134936822771707,0.000773883362845819,0.133420039252295,0.13645360629112,2022-03-16
"cases",1970-04-03,0,0,574.152986300996,11.0922177463081,552.412639009556,595.893333592436,2022-03-16
"beta",1970-04-04,0,0,0.357836219564901,0.00965659471527067,0.338909641709671,0.376762797420132,2022-03-17
"report_prob",1970-04-04,0,0,0.3949,0,0.3949,0.3949,2022-03-17
"serop",1970-04-04,0,0,0.137584336392074,0.000784318752957997,0.136047099883877,0.139121572900271,2022-03-17
"cases",1970-04-04,0,0,576.964954515503,10.7869414319517,555.822937805534,598.106971225471,2022-03-17
"beta",1970-04-05,0,0,0.351497282627722,0.00988417438720268,0.332124656811891,0.370869908443552,2022-03-18
"report_prob",1970-04-05,0,0,0.3949,0,0.3949,0.3949,2022-03-18
"serop",1970-04-05,0,0,0.140258895762847,0.000794224679168004,0.138702243996045,0.141815547529649,2022-03-18
"cases",1970-04-05,0,0,578.736054546173,10.5424185144549,558.073293947893,599.398815144453,2022-03-18
"beta",1970-04-06,0,0,0.345510270463057,0.0100621731738417,0.325788773436122,0.365231767489991,2022-03-19
"report_prob",1970-04-06,0,0,0.3949,0,0.3949,0.3949,2022-03-19
"serop",1970-04-06,0,0,0.142955974368625,0.000803196127115382,0.141381738886957,0.144530209850294,2022-03-19
"cases",1970-04-06,0,0,579.513187323346,10.3800153015434,559.168731173346,599.857643473346,2022-03-19
"beta",1970-04-07,0,0,0.339938561765166,0.0101878826878226,0.319970678618315,0.359906444912018,2022-03-20
"report_prob",1970-04-07,0,0,0.3949,0,0.3949,0.3949,2022-03-20
"serop",1970-04-07,0,0,0.145671069740144,0.000810874377003063,0.144081785165232,0.147260354315056,2022-03-20
"cases",1970-04-07,0,0,579.356085053843,10.3152966849405,559.138475061514,599.573695046172,2022-03-20
"beta",1970-04-08,0,0,0.334838861112304,0.0102601611172076,0.314729314846999,0.354948407377609,2022-03-21
"report_prob",1970-04-08,0,0,0.3949,0,0.3949,0.3949,2022-03-21
"serop",1970-04-08,0,0,0.148399771626107,0.000816962309031463,0.146798554923679,0.150000988328535,2022-03-21
"cases",1970-04-08,0,0,578.33565872225,10.3558547820076,558.038556320388,598.632761124112,2022-03-21
"beta",1970-04-09,0,0,0.330261639533724,0.0102790801093085,0.310115012725277,0.350408266342171,2022-03-22
"report_prob",1970-04-09,0,0,0.3949,0,0.3949,0.3949,2022-03-22
"serop",1970-04-09,0,0,0.151137825888434,0.000821235621936283,0.149528233646618,0.152747418130251,2022-03-22
"cases",1970-04-09,0,0,576.532255440193,10.5003630651996,555.951922007807,597.112588872579,2022-03-22
"beta",1970-04-10,0,0,0.32625167162486,0.0102456492072411,0.306170568180436,0.346332775069284,2022-03-23
"report_prob",1970-04-10,0,0,0.3949,0,0.3949,0.3949,2022-03-23
"serop",1970-04-10,0,0,0.153881192872846,0.000823550301339727,0.152267063942763,0.155495321802929,2022-03-23
"cases",1970-04-10,0,0,574.033897371334,10.7392231520223,552.985406771432,595.082387971236,2022-03-23
"beta",1970-04-11,0,0,0.322848630297226,0.0101616181876156,0.302932224624852,0.3427650359696,2022-03-24
"report_prob",1970-04-11,0,0,0.3949,0,0.3949,0.3949,2022-03-24
"serop",1970-04-11,0,0,0.156626099316216,0.000823846796805558,0.155011389265698,0.158240809366734,2022-03-24
"cases",1970-04-11,0,0,570.934564918433,11.0565449823373,549.264134959605,592.604994877261,2022-03-24
"beta",1970-04-12,0,0,0.320087703168968,0.0100293599107112,0.300430518955984,0.339744887381952,2022-03-25
"report_prob",1970-04-12,0,0,0.3949,0,0.3949,0.3949,2022-03-25
"serop",1970-04-12,0,0,0.15936908317067,0.000822151373410435,0.157757696088945,0.160980470252394,2022-03-25
"cases",1970-04-12,0,0,567.332575695219,11.4327389259911,544.924819155627,589.74033223481,2022-03-25
"beta",1970-04-13,0,0,0.318000197971441,0.00985184013860864,0.298690946118322,0.33730944982456,2022-03-26
"report_prob",1970-04-13,0,0,0.3949,0,0.3949,0.3949,2022-03-26
"serop",1970-04-13,0,0,0.162107031033591,0.00081857503142993,0.160502653453345,0.163711408613837,2022-03-26
"cases",1970-04-13,0,0,563.32909855565,11.8469669180646,540.109470070206,586.548727041094,2022-03-26
"beta",1970-04-14,0,0,0.316614107800088,0.00963268599414938,0.297734390177172,0.335493825423004,2022-03-27
"report_prob",1970-04-14,0,0,0.3949,0,0.3949,0.3949,2022-03-27
"serop",1970-04-14,0,0,0.16483720815736,0.000813310262734589,0.163243149334143,0.166431266980576,2022-03-27
"cases",1970-04-14,0,0,559.026829532709,12.2789963994528,534.960438823485,583.093220241934,2022-03-27
"beta",1970-04-15,0,0,0.315954610292349,0.0093763713276463,0.297577260184488,0.33433196040021,2022-03-28
"report_prob",1970-04-15,0,0,0.3949,0,0.3949,0.3949,2022-03-28
"serop",1970-04-15,0,0,0.167557281261267,0.000806625753017036,0.165976323836351,0.169138238686183,2022-03-28
"cases",1970-04-15,0,0,554.528844693429,12.7103494614995,529.617017517972,579.440671868886,2022-03-28
"beta",1970-04-16,0,0,0.316044477679747,0.00908854485813045,0.298231257085935,0.333857698273559,2022-03-29
"report_prob",1970-04-16,0,0,0.3949,0,0.3949,0.3949,2022-03-29
"serop",1970-04-16,0,0,0.170265334573064,0.000798858961538626,0.168699599779721,0.171831069366406,2022-03-29
"cases",1970-04-16,0,0,549.937634197045,13.1248604454209,524.213380421906,575.661887972184,2022-03-29
"beta",1970-04-17,0,0,0.316904377034438,0.00877653375710666,0.299702686961409,0.334106067107467,2022-03-30
"report_prob",1970-04-17,0,0,0.3949,0,0.3949,0.3949,2022-03-30
"serop",1970-04-17,0,0,0.172959879685045,0.000790406337073065,0.17141071173123,0.174509047638861,2022-03-30
"cases",1970-04-17,0,0,545.354312603059,13.5088288509269,518.877494581927,571.831130624191,2022-03-30
"beta",1970-04-18,0,0,0.318553041898392,0.00845005585203436,0.301991236761053,0.335114847035732,2022-03-31
"report_prob",1970-04-18,0,0,0.3949,0,0.3949,0.3949,2022-03-31
"serop",1970-04-18,0,0,0.175639859918887,0.000781710795737055,0.174107734912917,0.177171984924858,2022-03-31
"cases",1970-04-18,0,0,540.877992888249,13.8509393979723,513.730650516176,568.025335260321,2022-03-31
"beta",1970-04-19,0,0,0.321007297913767,0.00812215419805567,0.305088168208697,0.336926427618837,2022-04-01
"report_prob",1970-04-19,0,0,0.3949,0,0.3949,0.3949,2022-04-01
"serop",1970-04-19,0,0,0.178304649956448,0.0007732460464619,0.176789115554195,0.179820184358701,2022-04-01
"cases",1970-04-19,0,0,536.605305711989,14.1420757775669,508.887346521322,564.323264902657,2022-04-01
"beta",1970-04-20,0,0,0.324281926210725,0.00781029965819452,0.308974020172199,0.339589832249252,2022-04-02
"report_prob",1970-04-20,0,0,0.3949,0,0.3949,0.3949,2022-04-02
"serop",1970-04-20,0,0,0.18095405151443,0.000765497471308472,0.179453704040409,0.182454398988451,2022-04-02
"cases",1970-04-20,0,0,532.630041106534,14.375111039008,504.455341196315,560.804741016754,2022-04-02
"beta",1970-04-21,0,0,0.328389349370132,0.00753744245401742,0.313616233624714,0.343162465115549,2022-04-03
"report_prob",1970-04-21,0,0,0.3949,0,0.3949,0.3949,2022-04-03
"serop",1970-04-21,0,0,0.183588285824055,0.000758939616674028,0.182100791508933,0.185075780139177,2022-04-03
"cases",1970-04-21,0,0,529.042886756579,14.5447263798982,500.535746886989,557.550026626169,2022-04-03
"beta",1970-04-22,0,0,0.333339126046025,0.00733248842785205,0.318967712810379,0.347710539281672,2022-04-04
"report_prob",1970-04-22,0,0,0.3949,0,0.3949,0.3949,2022-04-04
"serop",1970-04-22,0,0,0.186207983628393,0.000754010955742073,0.18473014931119,0.187685817945596,2022-04-04
"cases",1970-04-22,0,0,525.931235099282,14.6472915846962,497.223071122221,554.639399076343,2022-04-04
"beta",1970-04-23,0,0,0.339137242150021,0.00722929508590506,0.324968084148035,0.353306400152007,2022-04-05
"report_prob",1970-04-23,0,0,0.3949,0,0.3949,0.3949,2022-04-05
"serop",1970-04-23,0,0,0.188814173335273,0.00075108738412753,0.187342069113141,0.190286277557405,2022-04-05
"cases",1970-04-23,0,0,523.379030315912,14.6808315419036,494.605129230681,552.152931401142,2022-04-05
"beta",1970-04-24,0,0,0.345785189262304,0.00726320375105881,0.331549571497852,0.360020807026755,2022-04-06
"report_prob",1970-04-24,0,0,0.3949,0,0.3949,0.3949,2022-04-06
"serop",1970-04-24,0,0,0.191408267867935,0.000750456727862039,0.18993739970937,0.192879136026501,2022-04-06
"cases",1970-04-24,0,0,521.466625587618,14.6451011074294,492.762754867109,550.170496308128,2022-04-06
"beta",1970-04-25,0,0,0.353278825076206,0.00746503274307535,0.338647629756366,0.367910020396046,2022-04-07
"report_prob",1970-04-25,0,0,0.3949,0,0.3949,0.3949,2022-04-07
"serop",1970-04-25,0,0,0.193992050643211,0.000752297087026368,0.192517575446964,0.195466525839457,2022-04-07
"cases",1970-04-25,0,0,520.270620461411,14.5417926493409,491.769230598054,548.772010324769,2022-04-07
"beta",1970-04-26,0,0,0.36160701665787,0.00785445095512982,0.346212575667479,0.37700145764826,2022-04-08
"report_prob",1970-04-26,0,0,0.3949,0,0.3949,0.3949,2022-04-08
"serop",1970-04-26,0,0,0.196567660981658,0.000756661812771909,0.195084631080149,0.198050690883168,2022-04-08
"cases",1970-04-26,0,0,519.863647581089,14.3749047058787,491.689352076371,548.037943085806,2022-04-08
"beta",1970-04-27,0,0,0.370750075548385,0.00843600569582947,0.354215808211185,0.387284342885586,2022-04-09
"report_prob",1970-04-27,0,0,0.3949,0,0.3949,0.3949,2022-04-09
"serop",1970-04-27,0,0,0.199137579118407,0.000763473175227975,0.197641199191798,0.200633959045017,2022-04-09
"cases",1970-04-27,0,0,520.314077226125,14.1513032306044,492.578032559835,548.050121892415,2022-04-09
"beta",1970-04-28,0,0,0.380678004634214,0.0091996587599429,0.362647004794668,0.398709004473761,2022-04-10
"report_prob",1970-04-28,0,0,0.3949,0,0.3949,0.3949,2022-04-10
"serop",1970-04-28,0,0,0.201704610839256,0.00077252545761774,0.200190488765185,0.203218732913327,2022-04-10
"cases",1970-04-28,0,0,521.685607025699,13.8815029684434,494.478361156264,548.892852895134,2022-04-10
"beta",1970-04-29,0,0,0.391348590526512,0.0101245594059906,0.371504818731434,0.41119236232159,2022-04-11
"report_prob",1970-04-29,0,0,0.3949,0,0.3949,0.3949,2022-04-11
"serop",1970-04-29,0,0,0.204271871615108,0.000783496705948521,0.202736246289443,0.205807496940772,2022-04-11
"cases",1970-04-29,0,0,524.036702973075,13.5806736609787,497.419071711765,550.654334234385,2022-04-11
"beta",1970-04-30,0,0,0.40270539199249,0.0111832811273386,0.38078656375392,0.42462422023106,2022-04-12
"report_prob",1970-04-30,0,0,0.3949,0,0.3949,0.3949,2022-04-12
"serop",1970-04-30,0,0,0.206842769949737,0.000795967161853157,0.205282702979629,0.208402836919846,2022-04-12
"cases",1970-04-30,0,0,527.419856725354,13.2698118296173,501.41150345768,553.428209993028,2022-04-12
"beta",1970-05-01,0,0,0.414675694563713,0.0123447059702499,0.390480515462287,0.438870873665139,2022-04-13
"report_prob",1970-05-01,0,0,0.3949,0,0.3949,0.3949,2022-04-13
"serop",1970-05-01,0,0,0.209420989491952,0.000809441853712787,0.207834512611096,0.211007466372808,2022-04-13
"cases",1970-05-01,0,0,531.880623597194,12.976879611661,506.446406926626,557.314840267761,2022-04-13
"beta",1970-05-02,0,0,0.427168523224041,0.0135752980688313,0.400561427929736,0.453775618518347,2022-04-14
"report_prob",1970-05-02,0,0,0.3949,0,0.3949,0.3949,2022-04-14
"serop",1970-05-02,0,0,0.21201046929449,0.000823374981754698,0.21039668398448,0.213624254604501,2022-04-14
"cases",1970-05-02,0,0,537.456406317761,12.7374646227655,512.491434402787,562.421378232734,2022-04-14
"beta",1970-05-03,0,0,0.440072828005288,0.0148393107727219,0.410988313335356,0.46915734267522,2022-04-15
"report_prob",1970-05-03,0,0,0.3949,0,0.3949,0.3949,2022-04-15
"serop",1970-05-03,0,0,0.214615381430589,0.000837194417723297,0.212974510523794,0.216256252337385,2022-04-15
"cases",1970-05-03,0,0,544.174952407659,12.5941833745961,519.490806578758,568.859098236561,2022-04-15
"beta",1970-05-04,0,0,0.45325597980598,0.0160985565134289,0.421703388836577,0.484808570775384,2022-04-16
"report_prob",1970-05-04,0,0,0.3949,0,0.3949,0.3949,2022-04-16
"serop",1970-05-04,0,0,0.2172401050087,0.000850325547977713,0.215573497559529,0.21890671245787,2022-04-16
"cases",1970-05-04,0,0,552.052539038097,12.593833994874,527.369077980868,576.736000095326,2022-04-16
"beta",1970-05-05,0,0,0.466562733643064,0.0173121915643792,0.432631461683423,0.500494005602706,2022-04-17
"report_prob",1970-05-05,0,0,0.3949,0,0.3949,0.3949,2022-04-17
"serop",1970-05-05,0,0,0.219889195462383,0.000862214553401303,0.21819928599077,0.221579104933996,2022-04-17
"cases",1970-05-05,0,0,561.091829706183,12.7816533386029,536.040249499645,586.143409912721,2022-04-17
"beta",1970-05-06,0,0,0.479814831154899,0.0184367952152226,0.443679376542722,0.515950285767076,2022-04-18
"report_prob",1970-05-06,0,0,0.3949,0,0.3949,0.3949,2022-04-18
"serop",1970-05-06,0,0,0.222567347845172,0.000872351878476092,0.220857569581513,0.224277126108831,2022-04-18
"cases",1970-05-06,0,0,571.279403314802,13.1933541055624,545.420904432616,597.137902196988,2022-04-18
"beta",1970-05-07,0,0,0.492811420383345,0.0194269208025866,0.454735355279764,0.530887485486927,2022-04-19
"report_prob",1970-05-07,0,0,0.3949,0,0.3949,0.3949,2022-04-19
"serop",1970-05-07,0,0,0.225279352742165,0.000880297034623835,0.223554002258605,0.227004703225725,2022-04-19
"cases",1970-05-07,0,0,582.582979521458,13.8474210656945,555.442532953936,609.723426088981,2022-04-19
"beta",1970-05-08,0,0,0.505330465365135,0.020236253835407,0.465668136665727,0.544992794064543,2022-04-20
"report_prob",1970-05-08,0,0,0.3949,0,0.3949,0.3949,2022-04-20
"serop",1970-05-08,0,0,0.22803004333898,0.000885706002369703,0.226294091473444,0.229765995204515,2022-04-20
"cases",1970-05-08,0,0,594.948395460044,14.7407474097559,566.057061431721,623.839729488368,2022-04-20
"beta",1970-05-09,0,0,0.517131297697867,0.0208195114518477,0.476325805076526,0.557936790319207,2022-04-21
"report_prob",1970-05-09,0,0,0.3949,0,0.3949,0.3949,2022-04-21
"serop",1970-05-09,0,0,0.230824232186824,0.000888362329603583,0.229083074015579,0.232565390358069,2022-04-21
"cases",1970-05-09,0,0,608.296428490042,15.8489736584104,577.233010927634,639.359846052451,2022-04-21
"beta",1970-05-10,0,0,0.527958424453571,0.0211352524734801,0.486534090801389,0.569382758105753,2022-04-22
"report_prob",1970-05-10,0,0,0.3949,0,0.3949,0.3949,2022-04-22
"serop",1970-05-10,0,0,0.233666636296824,0.000888212500547622,0.231925771785132,0.235407500808516,2022-04-22
"cases",1970-05-10,0,0,622.519606873768,17.1302471173085,588.944939477572,656.094274269964,2022-04-22
"beta",1970-05-11,0,0,0.53754665016499,0.0211498521794949,0.496093701614834,0.578999598715146,2022-04-23
"report_prob",1970-05-11,0,0,0.3949,0,0.3949,0.3949,2022-04-23
"serop",1970-05-11,0,0,0.236561789417913,0.000885405108657195,0.234826427293217,0.238297151542609,2022-04-23
"cases",1970-05-11,0,0,637.479203235592,18.5299412309105,601.161185787364,673.797220683821,2022-04-23
"beta",1970-05-12,0,0,0.545627495365695,0.0208430678060341,0.504775833138542,0.586479157592848,2022-04-24
"report_prob",1970-05-12,0,0,0.3949,0,0.3949,0.3949,2022-04-24
"serop",1970-05-12,0,0,0.239513940732254,0.000880331523668139,0.237788522651409,0.241239358813099,2022-04-24
"cases",1970-05-12,0,0,653.002660571695,19.9846153110727,613.833534317105,692.171786826285,2022-04-24
"beta",1970-05-13,0,0,0.551936802763812,0.0202159427960304,0.512314282970071,0.591559322557554,2022-04-25
"report_prob",1970-05-13,0,0,0.3949,0,0.3949,0.3949,2022-04-25
"serop",1970-05-13,0,0,0.242526939769723,0.00087366272956236,0.240814592285146,0.2442392872543,2022-04-25
"cases",1970-05-13,0,0,668.881751689492,21.4248299590383,626.889856594882,710.873646784101,2022-04-25
"beta",1970-05-14,0,0,0.556223319516364,0.0193023273994802,0.518391452995582,0.594055186037146,2022-04-26
"report_prob",1970-05-14,0,0,0.3949,0,0.3949,0.3949,2022-04-26
"serop",1970-05-14,0,0,0.245604108120317,0.000866372544316966,0.243906049136262,0.247302167104373,2022-04-26
"cases",1970-05-14,0,0,684.871812475522,22.7772820222239,640.229160046252,729.514464904792,2022-04-26
"beta",1970-05-15,0,0,0.558257937749593,0.0181858647035626,0.522614297902892,0.593901577596293,2022-04-27
"report_prob",1970-05-15,0,0,0.3949,0,0.3949,0.3949,2022-04-27
"serop",1970-05-15,0,0,0.248748099518093,0.000859731812255233,0.247063056129709,0.250433142906476,2022-04-27
"cases",1970-05-15,0,0,700.692407911736,23.9669582018776,653.718033017079,747.666782806393,2022-04-27
"beta",1970-05-16,0,0,0.557843175178649,0.0170235691469572,0.524477592762286,0.591208757595012,2022-04-28
"report_prob",1970-05-16,0,0,0.3949,0,0.3949,0.3949,2022-04-28
"serop",1970-05-16,0,0,0.251960751068398,0.000855253204527365,0.250284485589862,0.253637016546934,2022-04-28
"cases",1970-05-16,0,0,716.029777186203,24.9199271546217,667.187617465782,764.871936906623,2022-04-28
"beta",1970-05-17,0,0,0.554822394643709,0.0160698669021594,0.523326034279124,0.586318755008293,2022-04-29
"report_prob",1970-05-17,0,0,0.3949,0,0.3949,0.3949,2022-04-29
"serop",1970-05-17,0,0,0.255242929748497,0.00085456635908214,0.253568010462296,0.256917849034697,2022-04-29
"cases",1970-05-17,0,0,730.541351295591,25.567250243122,680.430461635349,780.652240955833,2022-04-29
"beta",1970-05-18,0,0,0.549088207148533,0.0156708133676421,0.518373977339506,0.579802436957561,2022-04-30
"report_prob",1970-05-18,0,0,0.3949,0,0.3949,0.3949,2022-04-30
"serop",1970-05-18,0,0,0.258594379751609,0.000859214750363543,0.256910349785911,0.260278409717307,2022-04-30
"cases",1970-05-18,0,0,743.862536748204,25.8504123173331,693.196659620721,794.528413875688,2022-04-30
"beta",1970-05-19,0,0,0.54058948794753,0.0161703853466184,0.508896115052024,0.572282860843037,2022-05-01
"report_prob",1970-05-19,0,0,0.3949,0,0.3949,0.3949,2022-05-01
"serop",1970-05-19,0,0,0.262013577649729,0.000870392916490407,0.260307638881009,0.263719516418449,2022-05-01
"cases",1970-05-19,0,0,755.61581091888,25.728712156534,705.188461723475,806.043160114284,2022-05-01
"beta",1970-05-20,0,0,0.529336466969384,0.0177373605299788,0.494571879149823,0.564101054788945,2022-05-02
"report_prob",1970-05-20,0,0,0.3949,0,0.3949,0.3949,2022-05-02
"serop",1970-05-20,0,0,0.265497603569968,0.000888678319950406,0.263755826069024,0.267239381070913,2022-05-02
"cases",1970-05-20,0,0,765.421983888745,25.1892571655893,716.051947046872,814.792020730617,2022-05-02
"beta",1970-05-21,0,0,0.515403436661673,0.0202819018076137,0.475651639580773,0.555155233742574,2022-05-03
"report_prob",1970-05-21,0,0,0.3949,0,0.3949,0.3949,2022-05-03
"serop",1970-05-21,0,0,0.26904203743663,0.000913834220916299,0.267250955275794,0.270833119597467,2022-05-03
"cases",1970-05-21,0,0,772.913262076966,24.2606106454453,725.363338968944,820.463185184988,2022-05-03
"beta",1970-05-22,0,0,0.498928750012175,0.0235518369343143,0.452767997851158,0.545089502173191,2022-05-04
"report_prob",1970-05-22,0,0,0.3949,0,0.3949,0.3949,2022-05-04
"serop",1970-05-22,0,0,0.272640889643585,0.000944746161042494,0.270789221193409,0.274492558093761,2022-05-04
"cases",1970-05-22,0,0,777.747522586996,23.0315517854115,732.60651057952,822.888534594471,2022-05-04
"beta",1970-05-23,0,0,0.480111950943133,0.0272648284699529,0.426673869097362,0.533550032788903,2022-05-05
"report_prob",1970-05-23,0,0,0.3949,0,0.3949,0.3949,2022-05-05
"serop",1970-05-23,0,0,0.276286575123862,0.000979507413989702,0.274366775869852,0.278206374377872,2022-05-05
"cases",1970-05-23,0,0,779.623002099947,21.6755740709642,737.139657576626,822.106346623267,2022-05-05
"beta",1970-05-24,0,0,0.459208074821107,0.0311701126340381,0.398115776664336,0.520300372977879,2022-05-06
"report_prob",1970-05-24,0,0,0.3949,0,0.3949,0.3949,2022-05-06
"serop",1970-05-24,0,0,0.279969938558053,0.00101561894396013,0.277979362005875,0.281960515110232,2022-05-06
"cases",1970-05-24,0,0,778.292451056188,20.4750451705242,738.16209994013,818.422802172246,2022-05-06
"beta",1970-05-25,0,0,0.43651936052263,0.0350587225205356,0.367805527038397,0.505233194006863,2022-05-07
"report_prob",1970-05-25,0,0,0.3949,0,0.3949,0.3949,2022-05-07
"serop",1970-05-25,0,0,0.283680336369131,0.00105024743783577,0.281621889216117,0.285738783522144,2022-05-07
"cases",1970-05-25,0,0,773.575731052378,19.8171386166725,734.734853087062,812.416609017694,2022-05-07
"beta",1970-05-26,0,0,0.412384807152294,0.0387585973538671,0.336419352247425,0.488350262057163,2022-05-08
"report_prob",1970-05-26,0,0,0.3949,0,0.3949,0.3949,2022-05-08
"serop",1970-05-26,0,0,0.287405778247135,0.00108049452820408,0.285288047886362,0.289523508607907,2022-05-08
"cases",1970-05-26,0,0,765.369861294748,20.104791685929,725.965193673647,804.774528915849,2022-05-08
"beta",1970-05-27,0,0,0.387168168260576,0.0421294437246309,0.304595975871592,0.469740360649559,2022-05-09
"report_prob",1970-05-27,0,0,0.3949,0,0.3949,0.3949,2022-05-09
"serop",1970-05-27,0,0,0.291133127402028,0.00110365406193857,0.288970005189237,0.293296249614819,2022-05-09
"cases",1970-05-27,0,0,753.655656533894,21.5733863629071,711.372596238029,795.93871682976,2022-05-09
"beta",1970-05-28,0,0,0.361245087397482,0.0450599877971135,0.272929134171325,0.449561040623639,2022-05-10
"report_prob",1970-05-28,0,0,0.3949,0,0.3949,0.3949,2022-05-10
"serop",1970-05-28,0,0,0.294848354830844,0.00111745530712112,0.292658182674553,0.297038526987134,2022-05-10
"cases",1970-05-28,0,0,738.500336791449,24.1661711696353,691.135511654733,785.865161928164,2022-05-10
"beta",1970-05-29,0,0,0.334990129564077,0.0474668594089886,0.241956794663233,0.428023464464921,2022-05-11
"report_prob",1970-05-29,0,0,0.3949,0,0.3949,0.3949,2022-05-11
"serop",1970-05-29,0,0,0.29853683896111,0.00112030254981492,0.296341086311684,0.300732591610535,2022-05-11
"cases",1970-05-29,0,0,720.055805560177,27.6060091579206,665.94902185377,774.162589266584,2022-05-11
"beta",1970-05-30,0,0,0.308764449044144,0.0492940013852525,0.212149981675181,0.405378916413106,2022-05-12
"report_prob",1970-05-30,0,0,0.3949,0,0.3949,0.3949,2022-05-12
"serop",1970-05-30,0,0,0.302183698491539,0.00111152772622717,0.300005144180316,0.304362252802762,2022-05-12
"cases",1970-05-30,0,0,698.552652536152,31.5513339775927,636.713174275875,760.392130796428,2022-05-12
"beta",1970-05-31,0,0,0.282904758202625,0.0505118193462036,0.183903411490472,0.381906104914778,2022-05-13
"report_prob",1970-05-31,0,0,0.3949,0,0.3949,0.3949,2022-05-13
"serop",1970-05-31,0,0,0.305774143477281,0.00109167551506389,0.303634498784952,0.30791378816961,2022-05-13
"cases",1970-05-31,0,0,674.290296439897,35.6909975171637,604.337226733948,744.243366145846,2022-05-13
"beta",1970-06-01,0,0,0.257714134098292,0.0511156462163753,0.157529308467705,0.357898959728879,2022-05-14
"report_prob",1970-06-01,0,0,0.3949,0,0.3949,0.3949,2022-05-14
"serop",1970-06-01,0,0,0.309293828019017,0.00106283754599469,0.307210704707451,0.311376951330584,2022-05-14
"cases",1970-06-01,0,0,647.623999565797,39.770796777379,569.674670245673,725.573328885922,2022-05-14
"beta",1970-06-02,0,0,0.23345503556541,0.05112337482988,0.133255062130703,0.333655009000116,2022-05-15
"report_prob",1970-06-02,0,0,0.3949,0,0.3949,0.3949,2022-05-15
"serop",1970-06-02,0,0,0.312729187518851,0.00102902994794348,0.310712325881869,0.314746049155834,2022-05-15
"cases",1970-06-02,0,0,618.949721099496,43.5921366984782,533.510703161332,704.38873903766,2022-05-15
"beta",1970-06-03,0,0,0.210344721295521,0.0505723090420152,0.111224816958142,0.3094646256329,2022-05-16
"report_prob",1970-06-03,0,0,0.3949,0,0.3949,0.3949,2022-05-16
"serop",1970-06-03,0,0,0.316067744422659,0.000996530714275903,0.31411458011319,0.318020908732127,2022-05-16
"cases",1970-06-03,0,0,588.687905716148,47.0053843920289,496.55904522831,680.816766203986,2022-05-16
"beta",1970-06-04,0,0,0.188553078456834,0.0495154119798937,0.0915046542965787,0.285601502617088,2022-05-17
"report_prob",1970-06-04,0,0,0.3949,0,0.3949,0.3949,2022-05-17
"serop",1970-06-04,0,0,0.319298368584993,0.000973909729730743,0.317389540590527,0.321207196579458,2022-05-17
"cases",1970-06-04,0,0,557.267317797341,49.9040303364106,459.457215654582,655.0774199401,2022-05-17
"beta",1970-06-05,0,0,0.16820270866104,0.0480172012139083,0.0740907236433667,0.262314693678713,2022-05-18
"report_prob",1970-06-05,0,0,0.3949,0,0.3949,0.3949,2022-05-18
"serop",1970-06-05,0,0,0.322411481633816,0.000971231290964572,0.320507903282867,0.324315059984765,2022-05-18
"cases",1970-06-05,0,0,525.109936260241,52.2199646937517,422.760686186534,627.459186333947,2022-05-18
"beta",1970-06-06,0,0,0.149370986886538,0.0461495645405219,0.0589195024849081,0.239822471288167,2022-05-19
"report_prob",1970-06-06,0,0,0.3949,0,0.3949,0.3949,2022-05-19
"serop",1970-06-06,0,0,0.325399198635428,0.000997968732287826,0.323443215862447,0.32735518140841,2022-05-19
"cases",1970-06-06,0,0,492.617741017295,53.9191105496428,386.938226261561,598.297255773028,2022-05-19
"beta",1970-06-07,0,0,0.13209371749399,0.0439877563812667,0.0458792992259859,0.218308135761995,2022-05-20
"report_prob",1970-06-07,0,0,0.3949,0,0.3949,0.3949,2022-05-20
"serop",1970-06-07,0,0,0.328255404563267,0.00106015794260512,0.326177533177837,0.330333275948697,2022-05-20
"cases",1970-06-07,0,0,460.161979705522,54.9968667693085,352.370101575129,567.953857835914,2022-05-20
"beta",1970-06-08,0,0,0.1163699625382,0.0416067937119245,0.0348221453506405,0.19791777972576,2022-05-21
"report_prob",1970-06-08,0,0,0.3949,0,0.3949,0.3949,2022-05-21
"serop",1970-06-08,0,0,0.330975767151766,0.00115863294607964,0.328704888306148,0.333246645997383,2022-05-21
"cases",1970-06-08,0,0,428.075236856856,55.4731833773142,319.349795329535,536.800678384178,2022-05-21
"beta",1970-06-09,0,0,0.10216760907431,0.0390784124086137,0.0255753281804239,0.178759889968196,2022-05-22
"report_prob",1970-06-09,0,0,0.3949,0,0.3949,0.3949,2022-05-22
"serop",1970-06-09,0,0,0.333557691309511,0.00128965339142101,0.331030017109786,0.336085365509236,2022-05-22
"cases",1970-06-09,0,0,396.646369879825,55.3873611449399,288.08913683703,505.20360292262,2022-05-22
"beta",1970-06-10,0,0,0.0894292680881478,0.0364686798974691,0.0179519689253886,0.160906567250907,2022-05-23
"report_prob",1970-06-10,0,0,0.3949,0,0.3949,0.3949,2022-05-23
"serop",1970-06-10,0,0,0.336000223103495,0.00144704208790184,0.333164072727094,0.338836373479896,2022-05-23
"cases",1970-06-10,0,0,366.118153655224,54.7928088714984,258.7262216553,473.510085655148,2022-05-23
"beta",1970-06-11,0,0,0.0780781495792847,0.0338362966062042,0.0117602268609096,0.14439607229766,2022-05-24
"report_prob",1970-06-11,0,0,0.3949,0,0.3949,0.3949,2022-05-24
"serop",1970-06-11,0,0,0.338303913248455,0.00162413632416267,0.335120664547112,0.341487161949797,2022-05-24
"cases",1970-06-11,0,0,336.687305724285,53.7520332618533,231.335256435254,442.039355013316,2022-05-24
"beta",1970-06-12,0,0,0.0680236266953183,0.0312315634715251,0.00681088711025234,0.129236366280384,2022-05-25
"report_prob",1970-06-12,0,0,0.3949,0,0.3949,0.3949,2022-05-25
"serop",1970-06-12,0,0,0.340470650998423,0.00181484286073851,0.336913624353776,0.34402767764307,2022-05-25
"cases",1970-06-12,0,0,308.506454567939,52.3321103999951,205.937402948975,411.075506186904,2022-05-25
"beta",1970-06-13,0,0,0.0591662774346579,0.0286959498071832,0.00292324931040983,0.115409305558906,2022-05-26
"report_prob",1970-06-13,0,0,0.3949,0,0.3949,0.3949,2022-05-26
"serop",1970-06-13,0,0,0.342503479402452,0.00201398762318939,0.338556136195691,0.346450822609212,2022-05-26
"cases",1970-06-13,0,0,281.687562991041,50.6008239409495,182.511770478728,380.863355503354,2022-05-26
