"matrix","time","row","col","value","sd","conf.low","conf.high","dates"
"beta",1970-01-02,0,0,2.14188983197569,0.0241154612652474,2.09462439642524,2.18915526752615,2021-12-15
"report_prob",1970-01-02,0,0,1,0,1,1,2021-12-15
"serop",1970-01-02,0,0,0.000358600752969628,1.19656269923141e-05,0.000335148555012252,0.000382052950927004,2021-12-15
"cases",1970-01-02,0,0,97.3572781559904,4.44000004008941,88.6550379860588,106.059518325922,2021-12-15
"beta",1970-01-03,0,0,2.00830728169589,0.0184301580487275,1.97218483569101,2.04442972770078,2021-12-16
"report_prob",1970-01-03,0,0,1,0,1,1,2021-12-16
"serop",1970-01-03,0,0,0.000457990424478057,1.61190104304451e-05,0.000426397744567959,0.000489583104388155,2021-12-16
"cases",1970-01-03,0,0,121.520523437185,5.69033147365311,110.36767868873,132.67336818564,2021-12-16
"beta",1970-01-04,0,0,1.8780017070934,0.01329350338716,1.8519469192262,1.90405649496059,2021-12-17
"report_prob",1970-01-04,0,0,1,0,1,1,2021-12-17
"serop",1970-01-04,0,0,0.000584371334256666,2.16374563535887e-05,0.000541962699086575,0.000626779969426758,2021-12-17
"cases",1970-01-04,0,0,149.623464391438,7.12316029623737,135.662326754707,163.584602028169,2021-12-17
"beta",1970-01-05,0,0,1.75174346267724,0.00879161550450189,1.73451221292249,1.76897471243199,2021-12-18
"report_prob",1970-01-05,0,0,1,0,1,1,2021-12-18
"serop",1970-01-05,0,0,0.000743623279838207,2.88370442915975e-05,0.00068710371160609,0.000800142848070324,2021-12-18
"cases",1970-01-05,0,0,181.940749145833,8.73337119825978,164.823656133624,199.057842158042,2021-12-18
"beta",1970-01-06,0,0,1.63018183654006,0.00517863253571757,1.62003190328088,1.64033176979923,2021-12-19
"report_prob",1970-01-06,0,0,1,0,1,1,2021-12-19
"serop",1970-01-06,0,0,0.000942060895440172,3.80385703413439e-05,0.000867506667547745,0.0010166151233326,2021-12-19
"cases",1970-01-06,0,0,218.572634286294,10.4984949745913,197.995962244221,239.149306328368,2021-12-19
"beta",1970-01-07,0,0,1.5138437303631,0.00348408076884651,1.50701505753693,1.52067240318926,2021-12-20
"report_prob",1970-01-07,0,0,1,0,1,1,2021-12-20
"serop",1970-01-07,0,0,0.00118644928995564,4.95620862719691e-05,0.00108930938586391,0.00128358919404736,2021-12-20
"cases",1970-01-07,0,0,259.459406553015,12.3814489936963,235.192212448951,283.72660065708,2021-12-20
"beta",1970-01-08,0,0,1.40313578643421,0.0046796119445808,1.3939639155612,1.41230765730721,2021-12-21
"report_prob",1970-01-08,0,0,1,0,1,1,2021-12-21
"serop",1970-01-08,0,0,0.0014839048605997,6.37124170688335e-05,0.00135903081777679,0.00160877890342261,2021-12-21
"cases",1970-01-08,0,0,304.378964880178,14.33224070379,276.288289282991,332.469640477366,2021-12-21
"beta",1970-01-09,0,0,1.29834950205279,0.00683508310110128,1.2849529853433,1.31174601876229,2021-12-22
"report_prob",1970-01-09,0,0,1,0,1,1,2021-12-22
"serop",1970-01-09,0,0,0.00184172972256733,8.07604775569115e-05,0.00168344209518153,0.00200001734995313,2021-12-22
"cases",1970-01-09,0,0,352.945512705528,16.2902612110419,321.017187433136,384.873837977919,2021-12-22
"beta",1970-01-10,0,0,1.19966879898856,0.00889946099486615,1.18222617595681,1.21711142202032,2021-12-23
"report_prob",1970-01-10,0,0,1,0,1,1,2021-12-23
"serop",1970-01-10,0,0,0.00226720109656608,0.000100922909992477,0.00206939582776585,0.00246500636536631,2021-12-23
"cases",1970-01-10,0,0,404.615846084226,18.1875370712333,368.968928457121,440.26276371133,2021-12-23
"beta",1970-01-11,0,0,1.10717947981077,0.0106680917280703,1.08627040423998,1.12808855538156,2021-12-24
"report_prob",1970-01-11,0,0,1,0,1,1,2021-12-24
"serop",1970-01-11,0,0,0.00276733060935956,0.000124342084257515,0.00252362460245218,0.00301103661626693,2021-12-24
"cases",1970-01-11,0,0,458.705250977089,19.9528309219846,419.598420980382,497.812080973796,2021-12-24
"beta",1970-01-12,0,0,1.02088000101716,0.0121101617188605,0.997144520201242,1.04461548183309,2021-12-25
"report_prob",1970-01-12,0,0,1,0,1,1,2021-12-25
"serop",1970-01-12,0,0,0.00334860826894167,0.000151068407364242,0.00305251963130593,0.00364469690657741,2021-12-25
"cases",1970-01-12,0,0,514.412779800335,21.516256973147,472.241691050858,556.583868549812,2021-12-25
"beta",1970-01-13,0,0,0.940693020107639,0.0132382370390869,0.914746552292225,0.966639487923054,2021-12-26
"report_prob",1970-01-13,0,0,1,0,1,1,2021-12-26
"serop",1970-01-13,0,0,0.00401674693399834,0.00018104674636839,0.00366190183159814,0.00437159203639854,2021-12-26
"cases",1970-01-13,0,0,570.842142871805,22.8138375279813,526.127842967813,615.556442775796,2021-12-26
"beta",1970-01-14,0,0,0.866477223938233,0.0140789774765765,0.838882935144993,0.894071512731474,2021-12-27
"report_prob",1970-01-14,0,0,1,0,1,1,2021-12-27
"serop",1970-01-14,0,0,0.00477644357667884,0.000214108454203909,0.00435679871765364,0.00519608843570405,2021-12-27
"cases",1970-01-14,0,0,627.078327296788,23.7922492889386,580.44637557927,673.710279014306,2021-12-27
"beta",1970-01-15,0,0,0.798039012154404,0.0146639621883682,0.769298174394545,0.826779849914263,2021-12-28
"report_prob",1970-01-15,0,0,1,0,1,1,2021-12-28
"serop",1970-01-15,0,0,0.00563117286030343,0.000249969995288188,0.00514124067232293,0.00612110504828393,2021-12-28
"cases",1970-01-15,0,0,682.18477861583,24.411858196233,634.338415755514,730.031141476145,2021-12-28
"beta",1970-01-16,0,0,0.735143685588476,0.015025936029763,0.705693392136138,0.764593979040814,2021-12-29
"report_prob",1970-01-16,0,0,1,0,1,1,2021-12-29
"serop",1970-01-16,0,0,0.00658302637995588,0.000288238548834285,0.00601808920528459,0.00714796355462716,2021-12-29
"cases",1970-01-16,0,0,735.261090722364,24.6494735814773,686.949010264796,783.573171179931,2021-12-29
"beta",1970-01-17,0,0,0.677525869123468,0.0151969475100863,0.647740399328753,0.707311338918183,2021-12-30
"report_prob",1970-01-17,0,0,1,0,1,1,2021-12-30
"serop",1970-01-17,0,0,0.00763260752351031,0.000328424303948726,0.00698890771612318,0.00827630733089745,2021-12-30
"cases",1970-01-17,0,0,785.477578969283,24.4996657749779,737.459116417058,833.496041521508,2021-12-30
"beta",1970-01-18,0,0,0.624898976501057,0.0152073136660676,0.595093189413961,0.654704763588153,2021-12-31
"report_prob",1970-01-18,0,0,1,0,1,1,2021-12-31
"serop",1970-01-18,0,0,0.0087789876859478,0.000369958541185929,0.0080538822694504,0.0095040931024452,2021-12-31
"cases",1970-01-18,0,0,832.104451579499,23.9749936235135,785.114327547835,879.094575611163,2021-12-31
"beta",1970-01-19,0,0,0.576963596838628,0.0150850245432032,0.547397492028047,0.606529701649209,2022-01-01
"report_prob",1970-01-19,0,0,0.4718,0,0.4718,0.4718,2022-01-01
"serop",1970-01-19,0,0,0.0100197250000852,0.000412216099468515,0.00921179629127931,0.010827653708891,2022-01-01
"cases",1970-01-19,0,0,412.604986613264,10.901095681532,391.239231685436,433.970741541092,2022-01-01
"beta",1970-01-20,0,0,0.533414746366995,0.0148554192744685,0.504298659613794,0.562530833120195,2022-01-02
"report_prob",1970-01-20,0,0,0.4718,0,0.4718,0.4718,2022-01-02
"serop",1970-01-20,0,0,0.0113509423374413,0.000454540510431313,0.0104600593074815,0.0122418253674012,2022-01-02
"cases",1970-01-20,0,0,430.419696028145,10.3497025588625,410.134651762072,450.704740294217,2022-01-02
"beta",1970-01-21,0,0,0.493947982401685,0.0145410465984548,0.465448054771195,0.522447910032175,2022-01-03
"report_prob",1970-01-21,0,0,0.4718,0,0.4718,0.4718,2022-01-03
"serop",1970-01-21,0,0,0.0127674575265154,0.000496269968334162,0.0117947862619716,0.0137401287910592,2022-01-03
"cases",1970-01-21,0,0,445.874660545563,9.6858344858155,426.890773793149,464.858547297977,2022-01-03
"beta",1970-01-22,0,0,0.458264419127496,0.0141616562907727,0.430508082836146,0.486020755418845,2022-01-04
"report_prob",1970-01-22,0,0,0.4718,0,0.4718,0.4718,2022-01-04
"serop",1970-01-22,0,0,0.0142629558550284,0.000536762385189464,0.0132109209118012,0.0153149907982556,2022-01-04
"cases",1970-01-22,0,0,458.879318432704,8.94454184367932,441.348338560881,476.410298304527,2022-01-04
"beta",1970-01-23,0,0,0.426074716550468,0.0137342840209055,0.399156014516049,0.452993418584887,2022-01-05
"report_prob",1970-01-23,0,0,0.4718,0,0.4718,0.4718,2022-01-05
"serop",1970-01-23,0,0,0.0158301931415693,0.000575418024187793,0.014702394538106,0.0169579917450325,2022-01-05
"cases",1970-01-23,0,0,469.405149821527,8.16716750460455,453.397795656796,485.412503986258,2022-01-05
"beta",1970-01-24,0,0,0.397102135720361,0.0132734011740125,0.371086747466945,0.423117523973777,2022-01-06
"report_prob",1970-01-24,0,0,0.4718,0,0.4718,0.4718,2022-01-06
"serop",1970-01-24,0,0,0.0174612170046732,0.000611698559792527,0.0162623098580848,0.0186601241512615,2022-01-06
"cases",1970-01-24,0,0,477.479666577682,7.40156221475708,462.972871207426,491.986461947938,2022-01-06
"beta",1970-01-25,0,0,0.371084766236095,0.012791107221832,0.346014656758914,0.396154875713276,2022-01-07
"report_prob",1970-01-25,0,0,0.4718,0,0.4718,0.4718,2022-01-07
"serop",1970-01-25,0,0,0.0191475943200148,0.000645141823799149,0.017883139580448,0.0204120490595816,2022-01-07
"cases",1970-01-25,0,0,483.178839890899,6.70212573039776,470.04291483946,496.314764942338,2022-01-07
"beta",1970-01-26,0,0,0.347777037535828,0.0122973468718027,0.323674680561698,0.371879394509957,2022-01-08
"report_prob",1970-01-26,0,0,0.4718,0,0.4718,0.4718,2022-01-08
"serop",1970-01-26,0,0,0.0208806340443048,0.000675371910248132,0.0195569294240484,0.0222043386645611,2022-01-08
"cases",1970-01-26,0,0,486.618635749081,6.12789642040373,474.608179464097,498.629092034064,2022-01-08
"beta",1970-01-27,0,0,0.326950625039558,0.0118001380897769,0.303822779370996,0.35007847070812,2022-01-09
"report_prob",1970-01-27,0,0,0.4718,0,0.4718,0.4718,2022-01-09
"serop",1970-01-27,0,0,0.0226515963535314,0.000702104685390269,0.0212754964567896,0.0240276962502731,2022-01-09
"cases",1970-01-27,0,0,487.946246238974,5.7353301918863,476.705205623432,499.187286854516,2022-01-09
"beta",1970-01-28,0,0,0.308394857310448,0.0113058004150057,0.286235895680638,0.330553818940257,2022-01-10
"report_prob",1970-01-28,0,0,0.4718,0,0.4718,0.4718,2022-01-10
"serop",1970-01-28,0,0,0.0244518811392337,0.000725149052603138,0.0230306151127082,0.0258731471657592,2022-01-10
"cases",1970-01-28,0,0,487.331493557229,5.56355993637748,476.4271164561,498.235870658359,2022-01-10
"beta",1970-01-29,0,0,0.291916722360181,0.01081917585339,0.270711527345132,0.313121917375231,2022-01-11
"report_prob",1970-01-29,0,0,0.4718,0,0.4718,0.4718,2022-01-11
"serop",1970-01-29,0,0,0.0262731910966378,0.000744404541179648,0.0248141850059977,0.027732197187278,2022-01-11
"cases",1970-01-29,0,0,484.958761271264,5.61824950419678,473.947194586878,495.97032795565,2022-01-11
"beta",1970-01-30,0,0,0.277340561194567,0.0103438370838891,0.257067013048195,0.29761410934094,2022-01-12
"report_prob",1970-01-30,0,0,0.4718,0,0.4718,0.4718,2022-01-12
"serop",1970-01-30,0,0,0.0281076667318811,0.000759855919836734,0.0266183764955616,0.0295969569682007,2022-01-12
"cases",1970-01-30,0,0,481.019687380818,5.8684879319815,469.517662390426,492.52171237121,2022-01-12
"beta",1970-01-31,0,0,0.264507525627138,0.00988227977256414,0.245138613187763,0.283876438066512,2022-01-13
"report_prob",1970-01-31,0,0,0.4718,0,0.4718,0.4718,2022-01-13
"serop",1970-01-31,0,0,0.02994799247355,0.000771565587890079,0.028435751709575,0.031460233237525,2022-01-13
"cases",1970-01-31,0,0,475.706745406266,6.26157123612916,463.434291296821,487.979199515711,2022-01-13
"beta",1970-02-01,0,0,0.253274866025028,0.00943609749499847,0.234780454780223,0.271769277269834,2022-01-14
"report_prob",1970-02-01,0,0,0.4718,0,0.4718,0.4718,2022-01-14
"serop",1970-02-01,0,0,0.0317874746110886,0.000779664482804391,0.030259360304767,0.0333155889174103,2022-01-14
"cases",1970-02-01,0,0,469.207748350689,6.74259861480917,455.992497903454,482.422998797925,2022-01-14
"beta",1970-02-02,0,0,0.24351510354479,0.00900613916777126,0.225863395136203,0.261166811953377,2022-01-15
"report_prob",1970-02-02,0,0,0.4718,0,0.4718,0.4718,2022-01-15
"serop",1970-02-02,0,0,0.0336200929620206,0.00078434217872912,0.0320828105401559,0.0351573753838854,2022-01-15
"cases",1970-02-02,0,0,461.701237944607,7.26621215114842,447.459723824329,475.942752064886,2022-01-15
"beta",1970-02-03,0,0,0.235115130947945,0.00859265004102864,0.218273846335772,0.251956415560118,2022-01-16
"report_prob",1970-02-03,0,0,0.4718,0,0.4718,0.4718,2022-01-16
"serop",1970-02-03,0,0,0.035440528992855,0.000785836753419818,0.0339003172584242,0.0369807407272857,2022-01-16
"cases",1970-02-03,0,0,453.352667710497,7.7995767222098,438.065778240309,468.639557180685,2022-01-16
"beta",1970-02-04,0,0,0.227975276495969,0.00819539827415876,0.211912591039656,0.244037961952282,2022-01-17
"report_prob",1970-02-04,0,0,0.4718,0,0.4718,0.4718,2022-01-17
"serop",1970-02-04,0,0,0.0372441736145156,0.000784424885815079,0.0357067290897411,0.0387816181392901,2022-01-17
"cases",1970-02-04,0,0,444.358455503302,8.3178012631783,428.055864596911,460.661046409694,2022-01-17
"beta",1970-02-05,0,0,0.222008356837075,0.00781378998078723,0.206693609891972,0.237323103782178,2022-01-18
"report_prob",1970-02-05,0,0,0.4718,0,0.4718,0.4718,2022-01-18
"serop",1970-02-05,0,0,0.0390271180891495,0.000780412525982425,0.03749753764514,0.040556698533159,2022-01-18
"cases",1970-02-05,0,0,434.868143602899,8.80607496913832,417.608553818228,452.12773338757,2022-01-18
"beta",1970-02-06,0,0,0.217138737251702,0.00744697647203461,0.202542931572797,0.231734542930607,2022-01-19
"report_prob",1970-02-06,0,0,0.4718,0,0.4718,0.4718,2022-01-19
"serop",1970-02-06,0,0,0.0407861314766341,0.000774126362591702,0.0392688716864713,0.0423033912667968,2022-01-19
"cases",1970-02-06,0,0,425.023962041456,9.25506208157506,406.884373686886,443.163550396025,2022-01-19
"beta",1970-02-07,0,0,0.213301411098664,0.00709395834197803,0.199397508240559,0.227205313956768,2022-01-20
"report_prob",1970-02-07,0,0,0.4718,0,0.4718,0.4718,2022-01-20
"serop",1970-02-07,0,0,0.0425186278727021,0.000765906206963193,0.0410174792915185,0.0440197764538856,2022-01-20
"cases",1970-02-07,0,0,414.958442305744,9.65925793095396,396.026644643691,433.890239967797,2022-01-20
"beta",1970-02-08,0,0,0.210441104739882,0.0067536921297719,0.197204111402857,0.223678098076906,2022-01-21
"report_prob",1970-02-08,0,0,0.4718,0,0.4718,0.4718,2022-01-21
"serop",1970-02-08,0,0,0.0442226263992393,0.000756098321009945,0.0427407009212886,0.04570455187719,2022-01-21
"cases",1970-02-08,0,0,404.794172009914,10.0157597301905,385.163643660934,424.424700358894,2022-01-21
"beta",1970-02-09,0,0,0.208511409539481,0.00642520666615021,0.1959182358806,0.221104583198362,2022-01-22
"report_prob",1970-02-09,0,0,0.8491,0,0.8491,0.8491,2022-01-22
"serop",1970-02-09,0,0,0.0458967065470342,0.000745049641138928,0.0444364360837074,0.047356977010361,2022-01-22
"cases",1970-02-09,0,0,710.242604810458,18.5790493679272,673.828337182329,746.656872438587,2022-01-22
"beta",1970-02-10,0,0,0.207473938649275,0.00610773795711383,0.195502992226324,0.219444885072227,2022-01-23
"report_prob",1970-02-10,0,0,0.8491,0,0.8491,0.8491,2022-01-23
"serop",1970-02-10,0,0,0.0475399610797446,0.000733102792365391,0.0461031060097427,0.0489768161497465,2022-01-23
"cases",1970-02-10,0,0,692.189557854251,19.0446939706276,654.862643575234,729.516472133269,2022-01-23
"beta",1970-02-11,0,0,0.207297503131384,0.00580089358047265,0.195927960635508,0.21866704562726,2022-01-24
"report_prob",1970-02-11,0,0,0.8491,0,0.8491,0.8491,2022-01-24
"serop",1970-02-11,0,0,0.0491519483141013,0.000720591747069255,0.0477396144422888,0.0505642821859139,2022-01-24
"cases",1970-02-11,0,0,674.523629075339,19.4235966198945,636.454079250112,712.593178900566,2022-01-24
"beta",1970-02-12,0,0,0.207957299470365,0.0055048598298849,0.197167972463849,0.21874662647688,2022-01-25
"report_prob",1970-02-12,0,0,0.8491,0,0.8491,0.8491,2022-01-25
"serop",1970-02-12,0,0,0.0507326452162605,0.000707837961626621,0.049345308304582,0.0521199821279389,2022-01-25
"cases",1970-02-12,0,0,657.404787518263,19.7179103762186,618.758393330486,696.05118170604,2022-01-25
"beta",1970-02-13,0,0,0.209434098655194,0.00522066636761047,0.199201780599378,0.21966641671101,2022-01-26
"report_prob",1970-02-13,0,0,0.8491,0,0.8491,0.8491,2022-01-26
"serop",1970-02-13,0,0,0.052282402411476,0.000695146822565855,0.0509199396752795,0.0536448651476725,2022-01-26
"cases",1970-02-13,0,0,640.980400078894,19.9304111248787,601.917512077055,680.043288080733,2022-01-26
"beta",1970-02-14,0,0,0.21171342575563,0.00495052165147835,0.202010581614046,0.221416269897213,2022-01-27
"report_prob",1970-02-14,0,0,0.8491,0,0.8491,0.8491,2022-01-27
"serop",1970-02-14,0,0,0.0538019019017602,0.000682804253124536,0.0524636301571453,0.0551401736463751,2022-01-27
"cases",1970-02-14,0,0,625.385769683684,20.0643580183549,586.060350594791,664.711188772577,2022-01-27
"beta",1970-02-15,0,0,0.214784718296132,0.00469822272240274,0.205576370968875,0.223993065623389,2022-01-28
"report_prob",1970-02-15,0,0,0.8491,0,0.8491,0.8491,2022-01-28
"serop",1970-02-15,0,0,0.0552921180271718,0.00067107337179741,0.053976838387465,0.0566073976668786,2022-01-28
"cases",1970-02-15,0,0,610.744454684822,20.1234292382733,571.303258132366,650.185651237278,2022-01-28
"beta",1970-02-16,0,0,0.218640451788935,0.00446961506735856,0.209880167232155,0.227400736345716,2022-01-29
"report_prob",1970-02-16,0,0,0.8491,0,0.8491,0.8491,2022-01-29
"serop",1970-02-16,0,0,0.0567542819907034,0.000660191155647916,0.0554603311027217,0.0580482328786852,2022-01-29
"cases",1970-02-16,0,0,597.168449294411,20.1116964572096,557.750248570278,636.586650018544,2022-01-29
"beta",1970-02-17,0,0,0.2232752215947,0.00427301686491414,0.214900262434136,0.231650180755264,2022-01-30
"report_prob",1970-02-17,0,0,0.8491,0,0.8491,0.8491,2022-01-30
"serop",1970-02-17,0,0,0.0581898500919321,0.000650365138496995,0.0569151578436775,0.0594645423401866,2022-01-30
"cases",1970-02-17,0,0,584.758316871229,20.0336121335801,545.493158609168,624.023475133291,2022-01-30
"beta",1970-02-18,0,0,0.228684771919436,0.00411941468766573,0.220610867494226,0.236758676344646,2022-01-31
"report_prob",1970-02-18,0,0,0.8491,0,0.8491,0.8491,2022-01-31
"serop",1970-02-18,0,0,0.0596004756766998,0.000641770258693106,0.0583426290833124,0.0608583222700872,2022-01-31
"cases",1970-02-18,0,0,573.60336324712,19.8939939734624,534.611851550477,612.594874943764,2022-01-31
"beta",1970-02-19,0,0,0.234864965321069,0.00402210759724273,0.226981779288529,0.24274815135361,2022-02-01
"report_prob",1970-02-19,0,0,0.8491,0,0.8491,0.8491,2022-02-01
"serop",1970-02-19,0,0,0.0609879847043359,0.000634546049144122,0.0597442973014813,0.0622316721071906,2022-02-01
"cases",1970-02-19,0,0,563.781919727118,19.698000137628,525.174548889902,602.389290564334,2022-02-01
"beta",1970-02-20,0,0,0.241810689670878,0.00399544041230596,0.233979770360383,0.249641608981374,2022-02-02
"report_prob",1970-02-20,0,0,0.8491,0,0.8491,0.8491,2022-02-02
"serop",1970-02-20,0,0,0.0623543547552567,0.000628794416492843,0.0611219403452508,0.0635867691652625,2022-02-02
"cases",1970-02-20,0,0,555.361779703726,19.4510965179576,517.238331068717,593.485228338736,2022-02-02
"beta",1970-02-21,0,0,0.249514704150736,0.00405254045370841,0.241571870815576,0.257457537485897,2022-02-03
"report_prob",1970-02-21,0,0,0.8491,0,0.8491,0.8491,2022-02-03
"serop",1970-02-21,0,0,0.0637016972451861,0.000624578270172484,0.0624775463301217,0.0649258481602505,2022-02-03
"cases",1970-02-21,0,0,548.400804012144,19.1590232316271,510.849808499189,585.951799525099,2022-02-03
"beta",1970-02-22,0,0,0.257966431576241,0.00420263291002042,0.249729422432358,0.266203440720124,2022-02-04
"report_prob",1970-02-22,0,0,0.8491,0,0.8491,0.8491,2022-02-04
"serop",1970-02-22,0,0,0.065032242573023,0.000621921225164557,0.0638132993704795,0.0662511857755666,2022-02-04
"cases",1970-02-22,0,0,542.947682652684,18.8277712055782,506.045929180591,579.849436124778,2022-02-04
"beta",1970-02-23,0,0,0.267150711057626,0.00444909945543803,0.258430636361331,0.275870785753922,2022-02-05
"report_prob",1970-02-23,0,0,0.8491,0,0.8491,0.8491,2022-02-05
"serop",1970-02-23,0,0,0.066348327903267,0.000620808515426621,0.0651315655717351,0.067565090234799,2022-02-05
"cases",1970-02-23,0,0,539.042817595458,18.4635814128167,502.854863000714,575.230772190201,2022-02-05
"beta",1970-02-24,0,0,0.277046532590389,0.00478919816281092,0.267659876676454,0.286433188504323,2022-02-06
"report_prob",1970-02-24,0,0,0.8491,0,0.8491,0.8491,2022-02-06
"serop",1970-02-24,0,0,0.0676523872671574,0.00062118913244005,0.0664348789399873,0.0688698955943276,2022-02-06
"cases",1970-02-24,0,0,536.719274941384,18.0729791864812,501.296886642539,572.141663240229,2022-02-06
"beta",1970-02-25,0,0,0.287625783336493,0.0052153109426166,0.277403961720787,0.297847604952199,2022-02-07
"report_prob",1970-02-25,0,0,0.8491,0,0.8491,0.8491,2022-02-07
"serop",1970-02-25,0,0,0.0689469436560586,0.000622979070216496,0.067725927115312,0.0701679601968052,2022-02-07
"cases",1970-02-25,0,0,536.003745295344,17.6628542773775,501.385187047504,570.622303543183,2022-02-07
"beta",1970-02-26,0,0,0.298852043715827,0.00571676646406365,0.287647387338236,0.310056700093418,2022-02-08
"report_prob",1970-02-26,0,0,0.8491,0,0.8491,0.8491,2022-02-08
"serop",1970-02-26,0,0,0.0702346027734778,0.000626065443154264,0.0690075370529304,0.0714616684940253,2022-02-08
"cases",1970-02-26,0,0,536.917448318972,17.2405939430542,503.126505118506,570.708391519437,2022-02-08
"beta",1970-02-27,0,0,0.310679479442044,0.00628135681518607,0.298368246310234,0.322990712573854,2022-02-09
"report_prob",1970-02-27,0,0,0.8491,0,0.8491,0.8491,2022-02-09
"serop",1970-02-27,0,0,0.0715180481062999,0.000630311170037156,0.0702826609139738,0.072753435298626,2022-02-09
"cases",1970-02-27,0,0,539.476919917995,16.8142710000057,506.521554331688,572.432285504303,2022-02-09
"beta",1970-02-28,0,0,0.32305188264698,0.00689622060477158,0.309535538632184,0.336568226661775,2022-02-10
"report_prob",1970-02-28,0,0,0.8491,0,0.8491,0.8491,2022-02-10
"serop",1970-02-28,0,0,0.0728000369697689,0.000635559897970594,0.0715543624597285,0.0740457114798092,2022-02-10
"cases",1970-02-28,0,0,543.694626951861,16.3928805751793,511.565171421643,575.824082482079,2022-02-10
"beta",1970-03-01,0,0,0.33590192048415,0.00754819210177416,0.321107735816283,0.350696105152017,2022-02-11
"report_prob",1970-03-01,0,0,0.8491,0,0.8491,0.8491,2022-02-11
"serop",1970-03-01,0,0,0.074083397173371,0.000641640872014909,0.0728258041732129,0.075340990173529,2022-02-11
"cases",1970-03-01,0,0,549.579363342682,15.986606904716,518.24618957444,580.912537110925,2022-02-11
"beta",1970-03-02,0,0,0.349150652273201,0.00822384904679935,0.333032204327181,0.365269100219222,2022-02-12
"report_prob",1970-03-02,0,0,0.8491,0,0.8491,0.8491,2022-02-12
"serop",1970-03-02,0,0,0.0753710239455445,0.000648373526327561,0.0741002351854132,0.0766418127056757,2022-02-12
"cases",1970-03-02,0,0,557.136391870833,15.6070834364678,526.547070431645,587.725713310022,2022-02-12
"beta",1970-03-03,0,0,0.362707375548138,0.00890945552826751,0.345245163590873,0.380169587505404,2022-02-13
"report_prob",1970-03-03,0,0,0.8491,0,0.8491,0.8491,2022-02-13
"serop",1970-03-03,0,0,0.0766658767440913,0.000655571662173563,0.0753809798969461,0.0779507735912366,2022-02-13
"cases",1970-03-03,0,0,566.367307000775,15.2675850515887,536.443390168759,596.291223832791,2022-02-13
"beta",1970-03-04,0,0,0.376469856608868,0.00959092079367249,0.357671997274693,0.395267715943042,2022-02-14
"report_prob",1970-03-04,0,0,0.8491,0,0.8491,0.8491,2022-02-14
"serop",1970-03-04,0,0,0.0779709755669091,0.000663047169070492,0.0766714269954797,0.0792705241383385,2022-02-14
"cases",1970-03-04,0,0,577.269605380984,14.9830627773998,547.903341959177,606.63586880279,2022-02-14
"beta",1970-03-05,0,0,0.390324991853089,0.0102538348234219,0.370227844895759,0.410422138810418,2022-02-15
"report_prob",1970-03-05,0,0,0.8491,0,0.8491,0.8491,2022-02-15
"serop",1970-03-05,0,0,0.0792893963654443,0.000670613324097218,0.077975018402661,0.0806037743282275,2022-02-15
"cases",1970-03-05,0,0,589.83596212284,14.7699075114054,560.887475345498,618.784448900182,2022-02-15
"beta",1970-03-06,0,0,0.404149932086968,0.0108836046711962,0.382818458909452,0.425481405264485,2022-02-16
"report_prob",1970-03-06,0,0,0.8491,0,0.8491,0.8491,2022-02-16
"serop",1970-03-06,0,0,0.0806242651529771,0.000678087763425406,0.079295237558306,0.0819532927476482,2022-02-16
"cases",1970-03-06,0,0,604.053222722276,14.6453276132738,575.348908058469,632.757537386083,2022-02-16
"beta",1970-03-07,0,0,0.417813683367852,0.0114656951175438,0.395341333879749,0.440286032855954,2022-02-17
"report_prob",1970-03-07,0,0,0.8491,0,0.8491,0.8491,2022-02-17
"serop",1970-03-07,0,0,0.0819787503940183,0.0006852952570998,0.0806355963713265,0.08332190441671,2022-02-17
"cases",1970-03-07,0,0,619.901132783449,14.6262699964696,591.23417036221,648.568095204688,2022-02-17
"beta",1970-03-08,0,0,0.431179175358127,0.0119859657750369,0.407687114119125,0.454671236597129,2022-02-18
"report_prob",1970-03-08,0,0,0.8491,0,0.8491,0.8491,2022-02-18
"serop",1970-03-08,0,0,0.0833560532628832,0.000692070434098662,0.0819996201372848,0.0847124863884816,2022-02-18
"cases",1970-03-08,0,0,637.350840751667,14.7279225661706,608.484642954878,666.217038548456,2022-02-18
"beta",1970-03-09,0,0,0.444105762774374,0.0124310898634692,0.419741274353393,0.468470251195355,2022-02-19
"report_prob",1970-03-09,0,0,0.8491,0,0.8491,0.8491,2022-02-19
"serop",1970-03-09,0,0,0.084759395372574,0.000698260602468957,0.0833908297399116,0.0861279610052364,2022-02-19
"cases",1970-03-09,0,0,656.363222740453,14.9619919938399,627.03825729555,685.688188185356,2022-02-19
"beta",1970-03-10,0,0,0.456452098847833,0.0127890352599238,0.431386050341369,0.481518147354296,2022-02-20
"report_prob",1970-03-10,0,0,0.8491,0,0.8491,0.8491,2022-02-20
"serop",1970-03-10,0,0,0.0861920036034566,0.000703728791539784,0.0848127205171547,0.0875712866897585,2022-02-20
"cases",1970-03-10,0,0,676.887093085128,15.3350896166687,646.830869736763,706.943316433493,2022-02-20
"beta",1970-03-11,0,0,0.468079293669787,0.0130495853776166,0.442502576316478,0.493656011023096,2022-02-21
"report_prob",1970-03-11,0,0,0.8491,0,0.8491,0.8491,2022-02-21
"serop",1970-03-11,0,0,0.0876570917089807,0.000708357111750914,0.0862687372817561,0.0890454461362053,2022-02-21
"cases",1970-03-11,0,0,698.857379003095,15.8475888503459,667.796675614618,729.918082391571,2022-02-21
"beta",1970-03-12,0,0,0.478854246982468,0.0132048759130906,0.45297316577249,0.504735328192446,2022-02-22
"report_prob",1970-03-12,0,0,0.8491,0,0.8491,0.8491,2022-02-22
"serop",1970-03-12,0,0,0.0891578384466837,0.000712050483172346,0.0877622451444916,0.0905534317488759,2022-02-22
"cases",1970-03-12,0,0,722.193351874076,16.4931937249279,689.867286183176,754.519417564977,2022-02-22
"beta",1970-03-13,0,0,0.488653026508102,0.0132499237512536,0.462683653157743,0.51462239985846,2022-02-23
"report_prob",1970-03-13,0,0,0.3687,0,0.3687,0.3687,2022-02-23
"serop",1970-03-13,0,0,0.0906973620800588,0.0007147407257614,0.0892964959992824,0.0920982281608351,2022-02-23
"cases",1970-03-13,0,0,324.277542433808,7.49438184454194,309.588823932115,338.966260935501,2022-02-23
"beta",1970-03-14,0,0,0.497364151192715,0.0131831264962219,0.471525698056484,0.523202604328946,2022-02-24
"report_prob",1970-03-14,0,0,0.3687,0,0.3687,0.3687,2022-02-24
"serop",1970-03-14,0,0,0.0922786912224172,0.000716390931529278,0.0908745907977687,0.0936827916470657,2022-02-24
"cases",1970-03-14,0,0,335.460896899553,7.87140523950154,320.03322612241,350.888567676695,2022-02-24
"beta",1970-03-15,0,0,0.504891635253008,0.0130067150183381,0.479398942259889,0.530384328246127,2022-02-25
"report_prob",1970-03-15,0,0,0.3687,0,0.3687,0.3687,2022-02-25
"serop",1970-03-15,0,0,0.0939047321476777,0.000716999949402008,0.0924994380699327,0.0953100262254227,2022-02-25
"cases",1970-03-15,0,0,347.084984837777,8.28299024140707,330.850622280322,363.319347395231,2022-02-25
"beta",1970-03-16,0,0,0.511157654504504,0.0127271461690229,0.486212906387242,0.536102402621766,2022-02-26
"report_prob",1970-03-16,0,0,0.3687,0,0.3687,0.3687,2022-02-26
"serop",1970-03-16,0,0,0.0955782328727504,0.000716606706926933,0.0941737095360938,0.0969827562094071,2022-02-26
"cases",1970-03-16,0,0,359.082033021743,8.71788948335234,341.995283613172,376.168782430314,2022-02-26
"beta",1970-03-17,0,0,0.516104711205844,0.0123554261859564,0.491888520867726,0.540320901543962,2022-02-27
"report_prob",1970-03-17,0,0,0.3687,0,0.3687,0.3687,2022-02-27
"serop",1970-03-17,0,0,0.0973017445167343,0.000715293970313091,0.0958997940965619,0.0987036949369066,2022-02-27
"cases",1970-03-17,0,0,371.37568348748,9.16390627579072,353.41475722923,389.33660974573,2022-02-27
"beta",1970-03-18,0,0,0.519697196847305,0.0119073527275408,0.49635921435011,0.5430351793445,2022-02-28
"report_prob",1970-03-18,0,0,0.3687,0,0.3687,0.3687,2022-02-28
"serop",1970-03-18,0,0,0.0990775806553207,0.000713191011427094,0.0976797519588259,0.100475409351816,2022-02-28
"cases",1970-03-18,0,0,383.881382107607,9.60831861679789,365.049423666697,402.713340548516,2022-02-28
"beta",1970-03-19,0,0,0.521922282429562,0.0114036465799893,0.49957154584036,0.544273019018765,2022-03-01
"report_prob",1970-03-19,0,0,0.3687,0,0.3687,0.3687,2022-03-01
"serop",1970-03-19,0,0,0.100907775603385,0.000710474520640039,0.0995152711309974,0.102300280075773,2022-03-01
"cases",1970-03-19,0,0,396.50709993177,10.0382697960437,376.832452664429,416.181747199112,2022-03-01
"beta",1970-03-20,0,0,0.522790100657608,0.0108698995636668,0.501485488997254,0.544094712317963,2022-03-02
"report_prob",1970-03-20,0,0,0.3687,0,0.3687,0.3687,2022-03-02
"serop",1970-03-20,0,0,0.102794042760881,0.000707367002455832,0.101407628912215,0.104180456609546,2022-03-02
"cases",1970-03-20,0,0,409.154398474606,10.4411454324011,388.690129469755,429.618667479457,2022-03-02
"beta",1970-03-21,0,0,0.522333221508326,0.0103361772982752,0.502074686265886,0.542591756750766,2022-03-03
"report_prob",1970-03-21,0,0,0.3687,0,0.3687,0.3687,2022-03-03
"serop",1970-03-21,0,0,0.104737734331118,0.000704131856245929,0.103357661252509,0.106117807409727,2022-03-03
"cases",1970-03-21,0,0,421.719831981138,10.8049531100148,400.542513030865,442.897150931411,2022-03-03
"beta",1970-03-22,0,0,0.520605459032137,0.00983598157073901,0.501327289400889,0.539883628663385,2022-03-04
"report_prob",1970-03-22,0,0,0.3687,0,0.3687,0.3687,2022-03-04
"serop",1970-03-22,0,0,0.106739803849923,0.000701064431376504,0.105365742813583,0.108113864886263,2022-03-04
"cases",1970-03-22,0,0,434.096659871289,11.1187122952948,412.304384218048,455.888935524529,2022-03-04
"beta",1970-03-23,0,0,0.517680080335145,0.00940415027074739,0.499248284499278,0.536111876171013,2022-03-05
"report_prob",1970-03-23,0,0,0.3687,0,0.3687,0.3687,2022-03-05
"serop",1970-03-23,0,0,0.108800773033482,0.000698478615960577,0.107431780102228,0.110169765964736,2022-03-05
"cases",1970-03-23,0,0,446.176822529802,11.3728532673674,423.886439724303,468.467205335301,2022-03-05
"beta",1970-03-24,0,0,0.513647515140907,0.00907332648311954,0.495864122014019,0.531430908267794,2022-03-06
"report_prob",1970-03-24,0,0,0.3687,0,0.3687,0.3687,2022-03-06
"serop",1970-03-24,0,0,0.110920704448892,0.000696689019375894,0.10955521906249,0.112286189835293,2022-03-06
"cases",1970-03-24,0,0,457.853115039612,11.5596166330242,435.196682763794,480.50954731543,2022-03-06
"beta",1970-03-25,0,0,0.508612684414306,0.00886913916368697,0.491229491079606,0.525995877749006,2022-03-07
"report_prob",1970-03-25,0,0,0.3687,0,0.3687,0.3687,2022-03-07
"serop",1970-03-25,0,0,0.11309918142574,0.000695989540161385,0.111735066993407,0.114463295858072,2022-03-07
"cases",1970-03-25,0,0,469.021478053713,11.6734404572261,446.141955181877,491.901000925549,2022-03-07
"beta",1970-03-26,0,0,0.502692078228456,0.00880527463354147,0.48543405707273,0.519950099384181,2022-03-08
"report_prob",1970-03-26,0,0,0.3687,0,0.3687,0.3687,2022-03-08
"serop",1970-03-26,0,0,0.115335296456402,0.000696629984322549,0.113969926776579,0.116700666136225,2022-03-08
"cases",1970-03-26,0,0,479.583314282086,11.7113201036273,456.629548667557,502.537079896616,2022-03-08
"beta",1970-03-27,0,0,0.496010716124366,0.00888051750198856,0.478605221656391,0.513416210592341,2022-03-09
"report_prob",1970-03-27,0,0,0.3687,0,0.3687,0.3687,2022-03-09
"serop",1970-03-27,0,0,0.117627649080599,0.000698793217297695,0.116258039542055,0.118997258619144,2022-03-09
"cases",1970-03-27,0,0,489.447734181176,11.6731259614079,466.568827709817,512.326640652535,2022-03-09
"beta",1970-03-28,0,0,0.488699118141135,0.00907942309304888,0.470903775878358,0.506494460403912,2022-03-10
"report_prob",1970-03-28,0,0,0.3687,0,0.3687,0.3687,2022-03-10
"serop",1970-03-28,0,0,0.119974353926688,0.000702575820736661,0.118597330621635,0.12135137723174,2022-03-10
"cases",1970-03-28,0,0,498.533635987495,11.5618652298933,475.872796542798,521.194475432191,2022-03-10
"beta",1970-03-29,0,0,0.48089040258999,0.00937639225953773,0.462513011456376,0.499267793723605,2022-03-11
"report_prob",1970-03-29,0,0,0.3687,0,0.3687,0.3687,2022-03-11
"serop",1970-03-29,0,0,0.122373059205153,0.000707975128756479,0.120985453450841,0.123760664959466,2022-03-11
"cases",1970-03-29,0,0,506.771533226971,11.3838741129807,484.459549960991,529.083516492951,2022-03-11
"beta",1970-03-30,0,0,0.472717609067948,0.00974116263380914,0.453625281138135,0.491809936997761,2022-03-12
"report_prob",1970-03-30,0,0,0.3687,0,0.3687,0.3687,2022-03-12
"serop",1970-03-30,0,0,0.124820975541073,0.000714884738105231,0.123419827201289,0.126222123880856,2022-03-12
"cases",1970-03-30,0,0,514.105056620451,11.1489236460586,492.253567807789,535.956545433112,2022-03-12
"beta",1970-03-31,0,0,0.464311323969984,0.0101435904245209,0.444430252063997,0.48419239587597,2022-03-13
"report_prob",1970-03-31,0,0,0.3687,0,0.3687,0.3687,2022-03-13
"serop",1970-03-31,0,0,0.127314914617611,0.000723099269134319,0.12589766609286,0.128732163142361,2022-03-13
"cases",1970-03-31,0,0,520.492075702324,10.8702126952156,499.186850315411,541.797301089236,2022-03-13
"beta",1970-04-01,0,0,0.455797662731717,0.0105566992745112,0.435106912358055,0.476488413105379,2022-03-14
"report_prob",1970-04-01,0,0,0.3687,0,0.3687,0.3687,2022-03-14
"serop",1970-04-01,0,0,0.129851336708633,0.000732327662183478,0.128416000865871,0.131286672551395,2022-03-14
"cases",1970-04-01,0,0,525.905406875523,10.5642021233534,505.199951188349,546.610862562698,2022-03-14
"beta",1970-04-02,0,0,0.447296639966118,0.0109580609893155,0.425819235086667,0.46877404484557,2022-03-15
"report_prob",1970-04-02,0,0,0.3687,0,0.3687,0.3687,2022-03-15
"serop",1970-04-02,0,0,0.132426405830509,0.000742213052779254,0.130971694978207,0.133881116682812,2022-03-15
"cases",1970-04-02,0,0,530.33309723075,10.2502137209439,510.243047503861,550.423146957638,2022-03-15
"beta",1970-04-03,0,0,0.438920937037061,0.0113300421534888,0.416714462472903,0.46112741160122,2022-03-16
"report_prob",1970-04-03,0,0,0.1789,0,0.1789,0.1789,2022-03-16
"serop",1970-04-03,0,0,0.135036050962744,0.000752356581537367,0.133561459159399,0.136510642766089,2022-03-16
"cases",1970-04-03,0,0,258.999015609733,4.82776866459668,249.536762901433,268.461268318034,2022-03-16
"beta",1970-04-04,0,0,0.430775057580099,0.0116594445770585,0.407922966129323,0.453627149030874,2022-03-17
"report_prob",1970-04-04,0,0,0.1789,0,0.1789,0.1789,2022-03-17
"serop",1970-04-04,0,0,0.13767603159007,0.000762342432678609,0.136181867878134,0.139170195302007,2022-03-17
"cases",1970-04-04,0,0,260.20257318879,4.69931081355224,250.992093242068,269.413053135512,2022-03-17
"beta",1970-04-05,0,0,0.42295484578805,0.0119368965544806,0.399558958454088,0.446350733122012,2022-03-18
"report_prob",1970-04-05,0,0,0.1789,0,0.1789,0.1789,2022-03-18
"serop",1970-04-05,0,0,0.140342005714267,0.000771761821448853,0.138829380339584,0.141854631088949,2022-03-18
"cases",1970-04-05,0,0,260.953291824186,4.59863003810101,251.940142571284,269.966441077088,2022-03-18
"beta",1970-04-06,0,0,0.415547330293053,0.0121561916306159,0.391721632507878,0.439373028078227,2022-03-19
"report_prob",1970-04-06,0,0,0.1789,0,0.1789,0.1789,2022-03-19
"serop",1970-04-06,0,0,0.143029598473931,0.000780234327637356,0.14150036729226,0.144558829655602,2022-03-19
"cases",1970-04-06,0,0,261.272573816303,4.53463457696443,252.384853362403,270.160294270203,2022-03-19
"beta",1970-04-07,0,0,0.408630848221276,0.012313668074119,0.384496502278422,0.43276519416413,2022-03-20
"report_prob",1970-04-07,0,0,0.1789,0,0.1789,0.1789,2022-03-20
"serop",1970-04-07,0,0,0.145734469589754,0.000787425675741124,0.1441911436248,0.147277795554709,2022-03-20
"cases",1970-04-07,0,0,261.187301573233,4.51360153709506,252.340805119962,270.033798026504,2022-03-20
"beta",1970-04-08,0,0,0.4022753992164,0.0124076670030638,0.377956818758229,0.426593979674571,2022-03-21
"report_prob",1970-04-08,0,0,0.1789,0,0.1789,0.1789,2022-03-21
"serop",1970-04-08,0,0,0.148452378010335,0.00079306164726133,0.146898005744183,0.150006750276487,2022-03-21
"cases",1970-04-08,0,0,260.729124105696,4.53830209347751,251.834215451517,269.624032759875,2022-03-21
"beta",1970-04-09,0,0,0.396543177466311,0.0124380815804304,0.372164985531896,0.420921369400726,2022-03-22
"report_prob",1970-04-09,0,0,0.1789,0,0.1789,0.1789,2022-03-22
"serop",1970-04-09,0,0,0.151179242353782,0.000796938218789372,0.149617272147052,0.152741212560513,2022-03-22
"cases",1970-04-09,0,0,259.933707871887,4.60768048000515,250.902820078809,268.964595664965,2022-03-22
"beta",1970-04-10,0,0,0.391489230444516,0.0124059999221691,0.367173917404857,0.415804543484174,2022-03-23
"report_prob",1970-04-10,0,0,0.1789,0,0.1789,0.1789,2022-03-23
"serop",1970-04-10,0,0,0.153911196004933,0.000798928254930572,0.152345325399038,0.155477066610829,2022-03-23
"cases",1970-04-10,0,0,258.839981872575,4.7172105119646,249.59441916163,268.085544583519,2022-03-23
"beta",1970-04-11,0,0,0.387162195563152,0.0123134423101504,0.363028292109546,0.411296099016759,2022-03-24
"report_prob",1970-04-11,0,0,0.1789,0,0.1789,0.1789,2022-03-24
"serop",1970-04-11,0,0,0.156644636017738,0.000798985180632371,0.155078653839517,0.158210618195959,2022-03-24
"cases",1970-04-11,0,0,257.489403021576,4.85978811143376,247.96439335067,267.014412692482,2022-03-24
"beta",1970-04-12,0,0,0.383605069607981,0.0121631950503092,0.359765645372439,0.407444493843522,2022-03-25
"report_prob",1970-04-12,0,0,0.1789,0,0.1789,0.1789,2022-03-25
"serop",1970-04-12,0,0,0.159376265268646,0.000797144051794278,0.157813891636639,0.160938638900653,2022-03-25
"cases",1970-04-12,0,0,255.925263089932,5.02684333087052,246.072831205501,265.777694974364,2022-03-25
"beta",1970-04-13,0,0,0.380855970123166,0.0119587472393073,0.357417256233906,0.404294684012426,2022-03-26
"report_prob",1970-04-13,0,0,0.1789,0,0.1789,0.1789,2022-03-26
"serop",1970-04-13,0,0,0.162103127593022,0.000793520368058686,0.160547856250628,0.163658398935416,2022-03-26
"cases",1970-04-13,0,0,254.192053369185,5.20936359526867,243.981888340085,264.402218398286,2022-03-26
"beta",1970-04-14,0,0,0.378948852358796,0.0117043423102136,0.356008762968049,0.401888941749543,2022-03-27
"report_prob",1970-04-14,0,0,0.1789,0,0.1789,0.1789,2022-03-27
"serop",1970-04-14,0,0,0.164822635898992,0.000788306850108046,0.163277582864014,0.16636768893397,2022-03-27
"cases",1970-04-14,0,0,252.33489799505,5.39865296148828,241.753732625502,262.916063364597,2022-03-27
"beta",1970-04-15,0,0,0.377914149616407,0.0114051634220031,0.355560440071488,0.400267859161327,2022-03-28
"report_prob",1970-04-15,0,0,0.1789,0,0.1789,0.1789,2022-03-28
"serop",1970-04-15,0,0,0.167532593481428,0.000781768251869167,0.166000355863507,0.169064831099348,2022-03-28
"cases",1970-04-15,0,0,250.399061921656,5.58679505601029,239.449144822869,261.348979020442,2022-03-28
"beta",1970-04-16,0,0,0.377779308570769,0.0110676801663399,0.356087054052334,0.399471563089203,2022-03-29
"report_prob",1970-04-16,0,0,0.1789,0,0.1789,0.1789,2022-03-29
"serop",1970-04-16,0,0,0.17023120894614,0.000774234111698351,0.168713737971609,0.171748679920671,2022-03-29
"cases",1970-04-16,0,0,248.429535062387,5.76687302607807,237.126671627858,259.732398496915,2022-03-29
"beta",1970-04-17,0,0,0.378569194266755,0.0107001919633973,0.357597203390831,0.399541185142679,2022-03-30
"report_prob",1970-04-17,0,0,0.1789,0,0.1789,0.1789,2022-03-30
"serop",1970-04-17,0,0,0.172917105297506,0.00076608918820827,0.171415598079673,0.17441861251534,2022-03-30
"cases",1970-04-17,0,0,246.470690259583,5.93302573791792,234.842173493915,258.099207025251,2022-03-30
"beta",1970-04-18,0,0,0.380306341954527,0.0103136056186159,0.36009204639129,0.400520637517764,2022-03-31
"report_prob",1970-04-18,0,0,0.1789,0,0.1789,0.1789,2022-03-31
"serop",1970-04-18,0,0,0.175589323841143,0.000757761211295703,0.174104139158122,0.177074508524164,2022-03-31
"cases",1970-04-18,0,0,244.566009581029,6.08041109814241,232.648622817472,256.483396344585,2022-03-31
"beta",1970-04-19,0,0,0.383011034802576,0.0099224675783419,0.36356335571126,0.402458713893893,2022-04-01
"report_prob",1970-04-19,0,0,0.1789,0,0.1789,0.1789,2022-04-01
"serop",1970-04-19,0,0,0.178247323608752,0.000749705559555374,0.176777927713014,0.17971671950449,2022-04-01
"cases",1970-04-19,0,0,242.757870971238,6.20512810615296,230.596043363721,254.919698578755,2022-04-01
"beta",1970-04-20,0,0,0.386701187979589,0.00954620717336677,0.367990965730832,0.405411410228345,2022-04-02
"report_prob",1970-04-20,0,0,0.1789,0,0.1789,0.1789,2022-04-02
"serop",1970-04-20,0,0,0.180890977028541,0.000742386616449442,0.179435925997696,0.182346028059386,2022-04-02
"cases",1970-04-20,0,0,241.087385463223,6.3041313730338,228.731515018268,253.443255908178,2022-04-02
"beta",1970-04-21,0,0,0.391392020873246,0.00921038659189424,0.373339994869443,0.409444046877049,2022-04-03
"report_prob",1970-04-21,0,0,0.1789,0,0.1789,0.1789,2022-04-03
"serop",1970-04-21,0,0,0.183520562546261,0.000736255919215748,0.182077527461193,0.184963597631328,2022-04-03
"cases",1970-04-21,0,0,239.594273896334,6.37515925982783,227.099191351365,252.089356441304,2022-04-03
"beta",1970-04-22,0,0,0.397095500649093,0.0089474435072939,0.37955883362109,0.414632167677095,2022-04-04
"report_prob",1970-04-22,0,0,0.1789,0,0.1789,0.1789,2022-04-04
"serop",1970-04-22,0,0,0.186136754854082,0.000731727815147524,0.184702594689906,0.187570915018257,2022-04-04
"cases",1970-04-22,0,0,238.316771276733,6.41668940570358,225.740291141574,250.893251411891,2022-04-04
"beta",1970-04-23,0,0,0.403819542351412,0.00879598812913762,0.38657972240986,0.421059362292963,2022-04-05
"report_prob",1970-04-23,0,0,0.1789,0,0.1789,0.1789,2022-04-05
"serop",1970-04-23,0,0,0.188740613312412,0.000729154112127261,0.187311497513463,0.19016972911136,2022-04-05
"cases",1970-04-23,0,0,237.291546434788,6.4279319717461,224.693031275092,249.890061594484,2022-04-05
"beta",1970-04-24,0,0,0.411566953781145,0.00879750643605298,0.394324158012721,0.428809749549568,2022-04-06
"report_prob",1970-04-24,0,0,0.1789,0,0.1789,0.1789,2022-04-06
"serop",1970-04-24,0,0,0.191333569058084,0.00072879996965744,0.189905147365622,0.192761990750547,2022-04-06
"cases",1970-04-24,0,0,236.553624352971,6.40887015730716,223.992469663056,249.114779042887,2022-04-06
"beta",1970-04-25,0,0,0.420334117973198,0.00899004006561337,0.402713963225023,0.437954272721372,2022-04-07
"report_prob",1970-04-25,0,0,0.1789,0,0.1789,0.1789,2022-04-07
"serop",1970-04-25,0,0,0.193917411185321,0.000730823744769032,0.192485022966527,0.195349799404115,2022-04-07
"cases",1970-04-25,0,0,236.136298344386,6.3603584346079,223.670224883789,248.602371804983,2022-04-07
"beta",1970-04-26,0,0,0.430109412783482,0.00940044203791661,0.411684884950409,0.448533940616555,2022-04-08
"report_prob",1970-04-26,0,0,0.1789,0,0.1789,0.1789,2022-04-08
"serop",1970-04-26,0,0,0.19649427226686,0.000735263413703565,0.195053182456851,0.197935362076869,2022-04-08
"cases",1970-04-26,0,0,236.071019064921,6.28429051548016,223.754035986193,248.388002143649,2022-04-08
"beta",1970-04-27,0,0,0.440871376422382,0.0100387364956909,0.42119581444054,0.460546938404224,2022-04-09
"report_prob",1970-04-27,0,0,0.1789,0,0.1789,0.1789,2022-04-09
"serop",1970-04-27,0,0,0.199066613354281,0.000742031422584026,0.197612258490619,0.200520968217943,2022-04-09
"cases",1970-04-27,0,0,236.387247085058,6.18384987460709,224.267124045026,248.50737012509,2022-04-09
"beta",1970-04-28,0,0,0.452586640214562,0.010897357720047,0.43122821155662,0.473945068872503,2022-04-10
"report_prob",1970-04-28,0,0,0.1789,0,0.1789,0.1789,2022-04-10
"serop",1970-04-28,0,0,0.201637208460685,0.000750918531894199,0.200165435182849,0.203108981738521,2022-04-10
"cases",1970-04-28,0,0,237.112255421745,6.06385294422872,225.227322043509,248.99718879998,2022-04-10
"beta",1970-04-29,0,0,0.465207665776061,0.0119547180899348,0.44177684887446,0.488638482677663,2022-04-11
"report_prob",1970-04-29,0,0,0.1789,0,0.1789,0.1789,2022-04-11
"serop",1970-04-29,0,0,0.204209128386926,0.000761605802226817,0.202716408444145,0.205701848329708,2022-04-11
"cases",1970-04-29,0,0,238.270868085796,5.93118340315663,226.645962229907,249.895773941685,2022-04-11
"beta",1970-04-30,0,0,0.478670343315307,0.0131801503995206,0.452837723221425,0.504502963409189,2022-04-12
"report_prob",1970-04-30,0,0,0.1789,0,0.1789,0.1789,2022-04-12
"serop",1970-04-30,0,0,0.206785723605419,0.000773682776091881,0.20526933322882,0.208302113982018,2022-04-12
"cases",1970-04-30,0,0,239.885120454131,5.79528547206093,228.526569648763,251.243671259498,2022-04-12
"beta",1970-05-01,0,0,0.492891530704136,0.0145377270573967,0.464398109254565,0.521384952153707,2022-04-13
"report_prob",1970-05-01,0,0,0.1789,0,0.1789,0.1789,2022-04-13
"serop",1970-05-01,0,0,0.209370605764324,0.000786669445607206,0.207828761983195,0.210912449545452,2022-04-13
"cases",1970-05-01,0,0,241.973827323448,5.66862040912014,230.863535479544,253.084119167352,2022-04-13
"beta",1970-05-02,0,0,0.507766638717475,0.0159882188140436,0.476430305665003,0.539102971769946,2022-04-14
"report_prob",1970-05-02,0,0,0.1789,0,0.1789,0.1789,2022-04-14
"serop",1970-05-02,0,0,0.211967627220996,0.000800039793972687,0.210399578038611,0.213535676403381,2022-04-14
"cases",1970-05-02,0,0,244.5520451191,5.56688176115109,233.641157361051,255.462932877149,2022-04-14
"beta",1970-05-03,0,0,0.523167395253273,0.017489638200364,0.488888334277924,0.557446456228622,2022-04-15
"report_prob",1970-05-03,0,0,0.1789,0,0.1789,0.1789,2022-04-15
"serop",1970-05-03,0,0,0.214580857859424,0.000813245367452099,0.212986926228624,0.216174789490224,2022-04-15
"cases",1970-05-03,0,0,247.630416276888,5.50862844687818,236.833702916794,258.427129636982,2022-04-15
"beta",1970-05-04,0,0,0.538939948632168,0.0189970975962509,0.501706321532724,0.576173575731612,2022-04-16
"report_prob",1970-05-04,0,0,0.1789,0,0.1789,0.1789,2022-04-16
"serop",1970-05-04,0,0,0.21721455829576,0.000825738190398793,0.215596141181919,0.218832975409601,2022-04-16
"cases",1970-05-04,0,0,251.214386715254,5.51392552197492,240.407291278747,262.021482151761,2022-04-16
"beta",1970-05-05,0,0,0.554903494771369,0.0204625648127969,0.51479760470697,0.595009384835767,2022-04-17
"report_prob",1970-05-05,0,0,0.1789,0,0.1789,0.1789,2022-04-17
"serop",1970-05-05,0,0,0.219873148435049,0.000836993133408381,0.218232672038261,0.221513624831837,2022-04-17
"cases",1970-05-05,0,0,255.303292050384,5.60177406945338,244.324016624725,266.282567476043,2022-04-17
"beta",1970-05-06,0,0,0.570849632001657,0.0218348927870474,0.52805402853275,0.613645235470563,2022-04-18
"report_prob",1970-05-06,0,0,0.1789,0,0.1789,0.1789,2022-04-18
"serop",1970-05-06,0,0,0.222561170219567,0.000846530440542659,0.220902001044286,0.224220339394847,2022-04-18
"cases",1970-05-06,0,0,259.889315268913,5.78670411005614,248.547583624013,271.231046913813,2022-04-18
"beta",1970-05-07,0,0,0.586542656884296,0.0230603613439634,0.541345179179648,0.631740134588944,2022-04-19
"report_prob",1970-05-07,0,0,0.1789,0,0.1789,0.1789,2022-04-19
"serop",1970-05-07,0,0,0.225283243316904,0.000853939463766521,0.223609552722944,0.226956933910864,2022-04-19
"cases",1970-05-07,0,0,264.9563284062,6.07563249050955,253.0483075415,276.8643492709,2022-04-19
"beta",1970-05-08,0,0,0.601721010629236,0.0240839030990485,0.554517427947948,0.648924593310523,2022-04-20
"report_prob",1970-05-08,0,0,0.1789,0,0.1789,0.1789,2022-04-20
"serop",1970-05-08,0,0,0.228044012450094,0.000858904736271225,0.226360590100852,0.229727434799337,2022-04-20
"cases",1970-05-08,0,0,270.478643691229,6.46623722425593,257.805051616195,283.152235766262,2022-04-20
"beta",1970-05-09,0,0,0.616100064756522,0.0248511719562461,0.567392662748668,0.664807466764376,2022-04-21
"report_prob",1970-05-09,0,0,0.1789,0,0.1789,0.1789,2022-04-21
"serop",1970-05-09,0,0,0.230848085092453,0.000861235328093755,0.229160094867175,0.23253607531773,2022-04-21
"cases",1970-05-09,0,0,276.419715670989,6.94730268199089,262.803252624589,290.03617871739,2022-04-21
"beta",1970-05-10,0,0,0.629376393236672,0.0253116412491128,0.579766487998813,0.678986298474532,2022-04-22
"report_prob",1970-05-10,0,0,0.1789,0,0.1789,0.1789,2022-04-22
"serop",1970-05-10,0,0,0.233699958360006,0.000860897902911802,0.232012629475933,0.23538728724408,2022-04-22
"cases",1970-05-10,0,0,282.730854687879,7.50041479856936,268.030311813572,297.431397562186,2022-04-22
"beta",1970-05-11,0,0,0.641233614494699,0.0254229994267836,0.591405451239221,0.691061777750177,2022-04-23
"report_prob",1970-05-11,0,0,0.1789,0,0.1789,0.1789,2022-04-23
"serop",1970-05-11,0,0,0.236603934160355,0.000858052882202458,0.234922181414407,0.238285686906303,2022-04-23
"cases",1970-05-11,0,0,289.350032885741,8.10197685843225,273.470450039636,305.229615731845,2022-04-23
"beta",1970-05-12,0,0,0.651349800279446,0.0251572791935428,0.602042439111083,0.700657161447809,2022-04-24
"report_prob",1970-05-12,0,0,0.1789,0,0.1789,0.1789,2022-04-24
"serop",1970-05-12,0,0,0.239564022025092,0.000853091369586817,0.237891993665179,0.241236050385004,2022-04-24
"cases",1970-05-12,0,0,296.200885123728,8.72486905147124,279.100456013016,313.30131423444,2022-04-24
"beta",1970-05-13,0,0,0.659406341920993,0.0245094739055698,0.611368655786052,0.707444028055934,2022-04-25
"report_prob",1970-05-13,0,0,0.1789,0,0.1789,0.1789,2022-04-25
"serop",1970-05-13,0,0,0.242583829587164,0.000846667674887664,0.24092439143751,0.244243267736818,2022-04-25
"cases",1970-05-13,0,0,303.192026487801,9.33962339990533,284.886700994819,321.497351980783,2022-04-25
"beta",1970-05-14,0,0,0.665098043317274,0.0235099287872515,0.61901942961516,0.711176657019389,2022-04-26
"report_prob",1970-05-14,0,0,0.1789,0,0.1789,0.1789,2022-04-26
"serop",1970-05-14,0,0,0.245666441381283,0.000839718196026122,0.244020623959908,0.247312258802657,2022-04-26
"cases",1970-05-14,0,0,310.216822476905,9.9153174122665,290.78315745358,329.65048750023,2022-04-26
"beta",1970-05-15,0,0,0.668144082582346,0.0222424347208505,0.624549711600996,0.711738453563697,2022-04-27
"report_prob",1970-05-15,0,0,0.1789,0,0.1789,0.1789,2022-04-27
"serop",1970-05-15,0,0,0.248814287548282,0.000833452425050245,0.247180750812356,0.250447824284208,2022-04-27
"cases",1970-05-15,0,0,317.153753809522,10.4204749893329,296.729998128629,337.577509490414,2022-04-27
"beta",1970-05-16,0,0,0.668299361906223,0.0208696171321703,0.627395663956029,0.709203059856417,2022-04-28
"report_prob",1970-05-16,0,0,0.1789,0,0.1789,0.1789,2022-04-28
"serop",1970-05-16,0,0,0.252029005097754,0.000829297698251992,0.250403611476718,0.25365439871879,2022-04-28
"cases",1970-05-16,0,0,323.86751135129,10.8242271060575,302.652416062935,345.082606639645,2022-04-28
"beta",1970-05-17,0,0,0.66536566104301,0.0196613719017414,0.626830080228949,0.703901241857071,2022-04-29
"report_prob",1970-05-17,0,0,0.1789,0,0.1789,0.1789,2022-04-29
"serop",1970-05-17,0,0,0.255311295586724,0.000828780007826646,0.253686916620277,0.256935674553171,2022-04-29
"cases",1970-05-17,0,0,330.210934481852,11.0979284854125,308.459394347442,351.962474616262,2022-04-29
"beta",1970-05-18,0,0,0.659201937837638,0.0190001473923913,0.621962333247598,0.696441542427678,2022-04-30
"report_prob",1970-05-18,0,0,0.1789,0,0.1789,0.1789,2022-04-30
"serop",1970-05-18,0,0,0.258660784335128,0.000833334390943792,0.2570274789418,0.260294089728457,2022-04-30
"cases",1970-05-18,0,0,336.027865987463,11.2173971236775,314.042171624772,358.013560350154,2022-04-30
"beta",1970-05-19,0,0,0.649733092126422,0.0193019382037861,0.611901988415184,0.687564195837661,2022-05-01
"report_prob",1970-05-19,0,0,0.1789,0,0.1789,0.1789,2022-05-01
"serop",1970-05-19,0,0,0.262075887519558,0.000844063189139827,0.260421554068168,0.263730220970948,2022-05-01
"cases",1970-05-19,0,0,341.156937897013,11.1659628916533,319.272052776662,363.041823017364,2022-05-01
"beta",1970-05-20,0,0,0.636956536994043,0.0208298882332782,0.596130706254823,0.677782367733263,2022-05-02
"report_prob",1970-05-20,0,0,0.1789,0,0.1789,0.1789,2022-05-02
"serop",1970-05-20,0,0,0.2655536945345,0.000861491904246885,0.263865201429203,0.267242187639796,2022-05-02
"cases",1970-05-20,0,0,345.436227828051,10.9385985138596,323.996968699543,366.875486956559,2022-05-02
"beta",1970-05-21,0,0,0.620946008649861,0.0235536358263561,0.574781730725231,0.667110286574491,2022-05-03
"report_prob",1970-05-21,0,0,0.1789,0,0.1789,0.1789,2022-05-03
"serop",1970-05-21,0,0,0.269089873734792,0.000885391047433569,0.267354539169588,0.270825208299996,2022-05-03
"cases",1970-05-21,0,0,348.708639698853,10.5475711792863,328.035780063079,369.381499334627,2022-05-03
"beta",1970-05-22,0,0,0.60185219167491,0.0272134232472651,0.548514862214226,0.655189521135595,2022-05-04
"report_prob",1970-05-22,0,0,0.1789,0,0.1789,0.1789,2022-05-04
"serop",1970-05-22,0,0,0.272678609919011,0.000914719317683354,0.270885793000388,0.274471426837633,2022-05-04
"cases",1970-05-22,0,0,350.827774412629,10.0302128338739,331.168918500964,370.486630324293,2022-05-04
"beta",1970-05-23,0,0,0.579899931609981,0.0314780677274289,0.518204052561307,0.641595810658654,2022-05-05
"report_prob",1970-05-23,0,0,0.1789,0,0.1789,0.1789,2022-05-05
"serop",1970-05-23,0,0,0.276312581541906,0.000947701427421623,0.274455120876063,0.27817004220775,2022-05-05
"cases",1970-05-23,0,0,351.663975950025,9.45905075120339,333.124577149729,370.20337475032,2022-05-05
"beta",1970-05-24,0,0,0.55538203653764,0.0360398639419042,0.484745201203784,0.626018871871496,2022-05-06
"report_prob",1970-05-24,0,0,0.1789,0,0.1789,0.1789,2022-05-06
"serop",1970-05-24,0,0,0.279982984556105,0.000982009910086483,0.278058280499874,0.281907688612335,2022-05-06
"cases",1970-05-24,0,0,351.110177801139,8.95183542447187,333.564902773645,368.655452828634,2022-05-06
"beta",1970-05-25,0,0,0.528649912737938,0.0406389663351416,0.448999002352125,0.608300823123751,2022-05-07
"report_prob",1970-05-25,0,0,0.1789,0,0.1789,0.1789,2022-05-07
"serop",1970-05-25,0,0,0.283679607944426,0.0010150006392659,0.281690243247179,0.285668972641672,2022-05-07
"cases",1970-05-25,0,0,349.0871445668,8.67034399271212,332.093582607512,366.080706526089,2022-05-07
"beta",1970-05-26,0,0,0.500101512809206,0.0450608362510297,0.411783896643931,0.588419128974481,2022-05-08
"report_prob",1970-05-26,0,0,0.1789,0,0.1789,0.1789,2022-05-08
"serop",1970-05-26,0,0,0.287390963463255,0.00104395994277123,0.285344839574121,0.289437087352389,2022-05-08
"cases",1970-05-26,0,0,345.547711773618,8.78522305712024,328.328990985511,362.766432561724,2022-05-08
"beta",1970-05-27,0,0,0.470167273831106,0.0491301407424797,0.373873967420461,0.56646058024175,2022-05-09
"report_prob",1970-05-27,0,0,0.1789,0,0.1789,0.1789,2022-05-09
"serop",1970-05-27,0,0,0.291104469015571,0.00106634222629107,0.289014476656847,0.293194461374296,2022-05-09
"cases",1970-05-27,0,0,340.479676830303,9.40162522877992,322.052829985751,358.906523674855,2022-05-09
"beta",1970-05-28,0,0,0.439294867255947,0.0527069171170759,0.33599120797034,0.542598526541553,2022-05-10
"report_prob",1970-05-28,0,0,0.1789,0,0.1789,0.1789,2022-05-10
"serop",1970-05-28,0,0,0.294806681639268,0.00107999608985856,0.292689928199701,0.296923435078835,2022-05-10
"cases",1970-05-28,0,0,333.907083311577,10.5047716798082,313.318109153336,354.496057469817,2022-05-10
"beta",1970-05-29,0,0,0.407933656256427,0.0556848340712873,0.298793386991616,0.517073925521239,2022-05-11
"report_prob",1970-05-29,0,0,0.1789,0,0.1789,0.1789,2022-05-11
"serop",1970-05-29,0,0,0.29848357263117,0.00108338865783552,0.296360169880553,0.300606975381787,2022-05-11
"cases",1970-05-29,0,0,325.889761321025,11.984477687088,302.400616680809,349.378905961241,2022-05-11
"beta",1970-05-30,0,0,0.376519753293286,0.0579903219769424,0.262860810766598,0.490178695819975,2022-05-12
"report_prob",1970-05-30,0,0,0.1789,0,0.1789,0.1789,2022-05-12
"serop",1970-05-30,0,0,0.302120834165128,0.00107584387957549,0.300012218908172,0.304229449422084,2022-05-12
"cases",1970-05-30,0,0,316.521125626089,13.6987389048947,289.672090738878,343.3701605133,2022-05-12
"beta",1970-05-31,0,0,0.345462492710088,0.0595815765883244,0.228684748454857,0.462240236965318,2022-05-13
"report_prob",1970-05-31,0,0,0.1789,0,0.1789,0.1789,2022-05-13
"serop",1970-05-31,0,0,0.305704204233651,0.00105781343051488,0.303630928007479,0.307777480459823,2022-05-13
"cases",1970-05-31,0,0,305.924374625867,15.5152493352378,275.515044717642,336.333704534092,2022-05-13
"beta",1970-06-01,0,0,0.315132990753774,0.0604468527851021,0.196659336316179,0.433606645191368,2022-05-14
"report_prob",1970-06-01,0,0,0.1789,0,0.1789,0.1789,2022-05-14
"serop",1970-06-01,0,0,0.309219795126297,0.001031196655745,0.307198686820059,0.311240903432536,2022-05-14
"cases",1970-06-01,0,0,294.247360457373,17.3242436282444,260.292466886616,328.202254028129,2022-05-14
"beta",1970-06-02,0,0,0.285855275944166,0.0606018115464551,0.167077907915231,0.404632643973102,2022-05-15
"report_prob",1970-06-02,0,0,0.1789,0,0.1789,0.1789,2022-05-15
"serop",1970-06-02,0,0,0.312654410143591,0.000999706067430203,0.310695022256301,0.31461379803088,2022-05-15
"cases",1970-06-02,0,0,281.656499072735,19.0386936135712,244.341345277442,318.971652868027,2022-05-15
"beta",1970-06-03,0,0,0.257900257799476,0.0600859349304311,0.140133989358414,0.375666526240538,2022-05-16
"report_prob",1970-06-03,0,0,0.1789,0,0.1789,0.1789,2022-05-16
"serop",1970-06-03,0,0,0.315995833903342,0.00096920480147431,0.314096227398809,0.317895440407875,2022-05-16
"cases",1970-06-03,0,0,268.330148479616,20.5917656989982,227.971029331492,308.689267627739,2022-05-16
"beta",1970-06-04,0,0,0.231482584373658,0.0589581914693538,0.115926652500108,0.347038516247208,2022-05-17
"report_prob",1970-06-04,0,0,0.1789,0,0.1789,0.1789,2022-05-17
"serop",1970-06-04,0,0,0.31923308336797,0.000947774406229236,0.317375479666292,0.321090687069648,2022-05-17
"cases",1970-06-04,0,0,254.451898665015,21.9344889098359,211.461090382444,297.442706947587,2022-05-17
"beta",1970-06-05,0,0,0.20676023986852,0.0572922317365412,0.094469529070977,0.319050950666064,2022-05-18
"report_prob",1970-06-05,0,0,0.1789,0,0.1789,0.1789,2022-05-18
"serop",1970-06-05,0,0,0.322356609426096,0.000945030404938074,0.320504383868122,0.32420883498407,2022-05-18
"cases",1970-06-05,0,0,240.204189182981,23.0339081941973,195.058558699152,285.34981966681,2022-05-18
"beta",1970-06-06,0,0,0.183836569479671,0.0551714328019198,0.0757025482124365,0.291970590746906,2022-05-19
"report_prob",1970-06-06,0,0,0.1789,0,0.1789,0.1789,2022-05-19
"serop",1970-06-06,0,0,0.325358442222089,0.000970223996049652,0.323456838132895,0.327260046311283,2022-05-19
"cases",1970-06-06,0,0,225.762606592365,23.8714281622274,178.975467134865,272.549746049866,2022-05-19
"beta",1970-06-07,0,0,0.162764300510283,0.0526841023807498,0.0595053572861924,0.266023243734373,2022-05-20
"report_prob",1970-06-07,0,0,0.1789,0,0.1789,0.1789,2022-05-20
"serop",1970-06-07,0,0,0.328232277108105,0.00102953834555354,0.326214419030117,0.330250135186092,2022-05-20
"cases",1970-06-07,0,0,211.291124508152,24.441098121003,163.387452448377,259.194796567928,2022-05-20
"beta",1970-06-08,0,0,0.143551061122644,0.049919110737598,0.0457114019366858,0.241390720308603,2022-05-21
"report_prob",1970-06-08,0,0,0.1789,0,0.1789,0.1789,2022-05-21
"serop",1970-06-08,0,0,0.330973501745691,0.00112426544945464,0.328769981955697,0.333177021535685,2022-05-21
"cases",1970-06-08,0,0,196.938446657572,24.7477352853295,148.433776799395,245.443116515749,2022-05-21
"beta",1970-06-09,0,0,0.126165879364566,0.0469621532705323,0.0341217503178724,0.218210008411259,2022-05-22
"report_prob",1970-06-09,0,0,0.1789,0,0.1789,0.1789,2022-05-22
"serop",1970-06-09,0,0,0.333579168189751,0.00125121459722808,0.331126832642253,0.336031503737249,2022-05-22
"cases",1970-06-09,0,0,182.8355106605,24.8048992929589,134.218801406158,231.452219914843,2022-05-22
"beta",1970-06-10,0,0,0.110546168912909,0.0438927711486452,0.0245179182799056,0.196574419545912,2022-05-23
"report_prob",1970-06-10,0,0,0.1789,0,0.1789,0.1789,2022-05-23
"serop",1970-06-10,0,0,0.336047916493931,0.00140467045223495,0.333294812997403,0.338801019990459,2022-05-23
"cases",1970-06-10,0,0,169.094118097712,24.6327988464745,120.814719520202,217.373516675221,2022-05-23
"beta",1970-06-11,0,0,0.0966047646669465,0.0407821819148047,0.0166731569029685,0.176536372430924,2022-05-24
"report_prob",1970-06-11,0,0,0.1789,0,0.1789,0.1789,2022-05-24
"serop",1970-06-11,0,0,0.33837985831997,0.00157829061600889,0.335286465555455,0.341473251084485,2022-05-24
"cases",1970-06-11,0,0,155.806582530747,24.2562380702737,108.265229512582,203.347935548913,2022-05-24
"beta",1970-06-12,0,0,0.0842366497240375,0.0376919047880474,0.0103618738307517,0.158111425617323,2022-05-25
"report_prob",1970-06-12,0,0,0.1789,0,0.1789,0.1789,2022-05-25
"serop",1970-06-12,0,0,0.340576430148165,0.00176618000090863,0.337114780956169,0.344038079340161,2022-05-25
"cases",1970-06-12,0,0,143.04623562423,23.7027079516361,96.5897817029525,189.502689545508,2022-05-25
"beta",1970-06-13,0,0,0.073325104270102,0.0346731119300858,0.00536705365520766,0.141283154884996,2022-05-26
"report_prob",1970-06-13,0,0,0.1789,0,0.1789,0.1789,2022-05-26
"serop",1970-06-13,0,0,0.342640225997326,0.00196327369738749,0.338792280258652,0.346488171736,2022-05-26
"cases",1970-06-13,0,0,130.868603060805,23.0007081858346,85.788043397654,175.949162723957,2022-05-26
